ts_path	loc	rust_path	status	confidence	upstream_sha
crates/better-auth-rs/src/adapters/drizzle_adapter/index.ts	1	crates/better-auth-rs/src/adapters/drizzle_adapter/mod.rs	todo	-	9dfceee14021fc15a2fb93023f39635f25b0b5ba
crates/better-auth-rs/src/adapters/index.ts	57	crates/better-auth-rs/src/adapters/mod.rs	todo	-	9dfceee14021fc15a2fb93023f39635f25b0b5ba
crates/better-auth-rs/src/adapters/kysely_adapter/index.ts	1	crates/better-auth-rs/src/adapters/kysely_adapter/mod.rs	todo	-	9dfceee14021fc15a2fb93023f39635f25b0b5ba
crates/better-auth-rs/src/adapters/memory_adapter/index.ts	1	crates/better-auth-rs/src/adapters/memory_adapter/mod.rs	todo	-	9dfceee14021fc15a2fb93023f39635f25b0b5ba
crates/better-auth-rs/src/adapters/mongodb_adapter/index.ts	1	crates/better-auth-rs/src/adapters/mongodb_adapter/mod.rs	todo	-	9dfceee14021fc15a2fb93023f39635f25b0b5ba
crates/better-auth-rs/src/adapters/prisma_adapter/index.ts	1	crates/better-auth-rs/src/adapters/prisma_adapter/mod.rs	todo	-	9dfceee14021fc15a2fb93023f39635f25b0b5ba
crates/better-auth-rs/src/api/dispatch.ts	480	crates/better-auth-rs/src/api/dispatch.rs	todo	-	9dfceee14021fc15a2fb93023f39635f25b0b5ba
crates/better-auth-rs/src/api/index.ts	421	crates/better-auth-rs/src/api/mod.rs	todo	-	9dfceee14021fc15a2fb93023f39635f25b0b5ba
crates/better-auth-rs/src/api/middlewares/authorization.ts	156	crates/better-auth-rs/src/api/middlewares/authorization.rs	todo	-	9dfceee14021fc15a2fb93023f39635f25b0b5ba
crates/better-auth-rs/src/api/middlewares/index.ts	6	crates/better-auth-rs/src/api/middlewares/mod.rs	todo	-	9dfceee14021fc15a2fb93023f39635f25b0b5ba
crates/better-auth-rs/src/api/middlewares/origin-check.ts	355	crates/better-auth-rs/src/api/middlewares/origin_check.rs	todo	-	9dfceee14021fc15a2fb93023f39635f25b0b5ba
crates/better-auth-rs/src/api/rate_limiter/index.ts	542	crates/better-auth-rs/src/api/rate_limiter/mod.rs	todo	-	9dfceee14021fc15a2fb93023f39635f25b0b5ba
crates/better-auth-rs/src/api/routes/account.ts	1036	crates/better-auth-rs/src/api/routes/account.rs	todo	-	9dfceee14021fc15a2fb93023f39635f25b0b5ba
crates/better-auth-rs/src/api/routes/callback.ts	295	crates/better-auth-rs/src/api/routes/callback.rs	todo	-	9dfceee14021fc15a2fb93023f39635f25b0b5ba
crates/better-auth-rs/src/api/routes/email-verification.ts	543	crates/better-auth-rs/src/api/routes/email_verification.rs	todo	-	9dfceee14021fc15a2fb93023f39635f25b0b5ba
crates/better-auth-rs/src/api/routes/error.ts	442	crates/better-auth-rs/src/api/routes/error.rs	todo	-	9dfceee14021fc15a2fb93023f39635f25b0b5ba
crates/better-auth-rs/src/api/routes/index.ts	12	crates/better-auth-rs/src/api/routes/mod.rs	todo	-	9dfceee14021fc15a2fb93023f39635f25b0b5ba
crates/better-auth-rs/src/api/routes/ok.ts	39	crates/better-auth-rs/src/api/routes/ok.rs	todo	-	9dfceee14021fc15a2fb93023f39635f25b0b5ba
crates/better-auth-rs/src/api/routes/password.ts	391	crates/better-auth-rs/src/api/routes/password.rs	todo	-	9dfceee14021fc15a2fb93023f39635f25b0b5ba
crates/better-auth-rs/src/api/routes/session.ts	954	crates/better-auth-rs/src/api/routes/session.rs	todo	-	9dfceee14021fc15a2fb93023f39635f25b0b5ba
crates/better-auth-rs/src/api/routes/sign-in.ts	604	crates/better-auth-rs/src/api/routes/sign_in.rs	todo	-	9dfceee14021fc15a2fb93023f39635f25b0b5ba
crates/better-auth-rs/src/api/routes/sign-out.ts	51	crates/better-auth-rs/src/api/routes/sign_out.rs	todo	-	9dfceee14021fc15a2fb93023f39635f25b0b5ba
crates/better-auth-rs/src/api/routes/sign-up.ts	440	crates/better-auth-rs/src/api/routes/sign_up.rs	todo	-	9dfceee14021fc15a2fb93023f39635f25b0b5ba
crates/better-auth-rs/src/api/routes/update-session.ts	111	crates/better-auth-rs/src/api/routes/update_session.rs	todo	-	9dfceee14021fc15a2fb93023f39635f25b0b5ba
crates/better-auth-rs/src/api/routes/update-user.ts	903	crates/better-auth-rs/src/api/routes/update_user.rs	todo	-	9dfceee14021fc15a2fb93023f39635f25b0b5ba
crates/better-auth-rs/src/api/state/oauth.ts	25	crates/better-auth-rs/src/api/state/oauth.rs	todo	-	9dfceee14021fc15a2fb93023f39635f25b0b5ba
crates/better-auth-rs/src/api/state/should-session-refresh.ts	14	crates/better-auth-rs/src/api/state/should_session_refresh.rs	todo	-	9dfceee14021fc15a2fb93023f39635f25b0b5ba
crates/better-auth-rs/src/api/to-auth-endpoints.ts	115	crates/better-auth-rs/src/api/to_auth_endpoints.rs	todo	-	9dfceee14021fc15a2fb93023f39635f25b0b5ba
crates/better-auth-rs/src/auth/base.ts	99	crates/better-auth-rs/src/auth/base.rs	todo	-	9dfceee14021fc15a2fb93023f39635f25b0b5ba
crates/better-auth-rs/src/auth/full.ts	31	crates/better-auth-rs/src/auth/full.rs	todo	-	9dfceee14021fc15a2fb93023f39635f25b0b5ba
crates/better-auth-rs/src/auth/minimal.ts	15	crates/better-auth-rs/src/auth/minimal.rs	todo	-	9dfceee14021fc15a2fb93023f39635f25b0b5ba
crates/better-auth-rs/src/auth/trusted-origins.ts	47	crates/better-auth-rs/src/auth/trusted_origins.rs	todo	-	9dfceee14021fc15a2fb93023f39635f25b0b5ba
crates/better-auth-rs/src/client/broadcast-channel.ts	74	crates/better-auth-rs/src/client/broadcast_channel.rs	todo	-	9dfceee14021fc15a2fb93023f39635f25b0b5ba
crates/better-auth-rs/src/client/config.ts	187	crates/better-auth-rs/src/client/config.rs	todo	-	9dfceee14021fc15a2fb93023f39635f25b0b5ba
crates/better-auth-rs/src/client/equality.ts	57	crates/better-auth-rs/src/client/equality.rs	todo	-	9dfceee14021fc15a2fb93023f39635f25b0b5ba
crates/better-auth-rs/src/client/fetch-plugins.ts	24	crates/better-auth-rs/src/client/fetch_plugins.rs	todo	-	9dfceee14021fc15a2fb93023f39635f25b0b5ba
crates/better-auth-rs/src/client/focus-manager.ts	57	crates/better-auth-rs/src/client/focus_manager.rs	todo	-	9dfceee14021fc15a2fb93023f39635f25b0b5ba
crates/better-auth-rs/src/client/index.ts	48	crates/better-auth-rs/src/client/mod.rs	todo	-	9dfceee14021fc15a2fb93023f39635f25b0b5ba
crates/better-auth-rs/src/client/lynx/index.ts	118	crates/better-auth-rs/src/client/lynx/mod.rs	todo	-	9dfceee14021fc15a2fb93023f39635f25b0b5ba
crates/better-auth-rs/src/client/lynx/lynx-store.ts	73	crates/better-auth-rs/src/client/lynx/lynx_store.rs	todo	-	9dfceee14021fc15a2fb93023f39635f25b0b5ba
crates/better-auth-rs/src/client/online-manager.ts	55	crates/better-auth-rs/src/client/online_manager.rs	todo	-	9dfceee14021fc15a2fb93023f39635f25b0b5ba
crates/better-auth-rs/src/client/parser.ts	169	crates/better-auth-rs/src/client/parser.rs	todo	-	9dfceee14021fc15a2fb93023f39635f25b0b5ba
crates/better-auth-rs/src/client/path-to-object.ts	248	crates/better-auth-rs/src/client/path_to_object.rs	todo	-	9dfceee14021fc15a2fb93023f39635f25b0b5ba
crates/better-auth-rs/src/client/plugins/index.ts	30	crates/better-auth-rs/src/client/plugins/mod.rs	todo	-	9dfceee14021fc15a2fb93023f39635f25b0b5ba
crates/better-auth-rs/src/client/plugins/infer-plugin.ts	29	crates/better-auth-rs/src/client/plugins/infer_plugin.rs	todo	-	9dfceee14021fc15a2fb93023f39635f25b0b5ba
crates/better-auth-rs/src/client/proxy.ts	125	crates/better-auth-rs/src/client/proxy.rs	todo	-	9dfceee14021fc15a2fb93023f39635f25b0b5ba
crates/better-auth-rs/src/client/query.ts	178	crates/better-auth-rs/src/client/query.rs	todo	-	9dfceee14021fc15a2fb93023f39635f25b0b5ba
crates/better-auth-rs/src/client/react/index.ts	117	crates/better-auth-rs/src/client/react/mod.rs	todo	-	9dfceee14021fc15a2fb93023f39635f25b0b5ba
crates/better-auth-rs/src/client/react/react-store.ts	73	crates/better-auth-rs/src/client/react/react_store.rs	todo	-	9dfceee14021fc15a2fb93023f39635f25b0b5ba
crates/better-auth-rs/src/client/session-atom.ts	236	crates/better-auth-rs/src/client/session_atom.rs	todo	-	9dfceee14021fc15a2fb93023f39635f25b0b5ba
crates/better-auth-rs/src/client/session-refresh.ts	198	crates/better-auth-rs/src/client/session_refresh.rs	todo	-	9dfceee14021fc15a2fb93023f39635f25b0b5ba
crates/better-auth-rs/src/client/solid/index.ts	115	crates/better-auth-rs/src/client/solid/mod.rs	todo	-	9dfceee14021fc15a2fb93023f39635f25b0b5ba
crates/better-auth-rs/src/client/solid/solid-store.ts	34	crates/better-auth-rs/src/client/solid/solid_store.rs	todo	-	9dfceee14021fc15a2fb93023f39635f25b0b5ba
crates/better-auth-rs/src/client/svelte/index.ts	114	crates/better-auth-rs/src/client/svelte/mod.rs	todo	-	9dfceee14021fc15a2fb93023f39635f25b0b5ba
crates/better-auth-rs/src/client/test-plugin.ts	220	crates/better-auth-rs/src/client/test_plugin.rs	todo	-	9dfceee14021fc15a2fb93023f39635f25b0b5ba
crates/better-auth-rs/src/client/types.ts	138	crates/better-auth-rs/src/client/types.rs	todo	-	9dfceee14021fc15a2fb93023f39635f25b0b5ba
crates/better-auth-rs/src/client/vanilla.ts	109	crates/better-auth-rs/src/client/vanilla.rs	todo	-	9dfceee14021fc15a2fb93023f39635f25b0b5ba
crates/better-auth-rs/src/client/vue/index.ts	183	crates/better-auth-rs/src/client/vue/mod.rs	todo	-	9dfceee14021fc15a2fb93023f39635f25b0b5ba
crates/better-auth-rs/src/client/vue/vue-store.ts	37	crates/better-auth-rs/src/client/vue/vue_store.rs	todo	-	9dfceee14021fc15a2fb93023f39635f25b0b5ba
crates/better-auth-rs/src/context/create-context.ts	437	crates/better-auth-rs/src/context/create_context.rs	todo	-	9dfceee14021fc15a2fb93023f39635f25b0b5ba
crates/better-auth-rs/src/context/helpers.ts	304	crates/better-auth-rs/src/context/helpers.rs	todo	-	9dfceee14021fc15a2fb93023f39635f25b0b5ba
crates/better-auth-rs/src/context/init-minimal.ts	28	crates/better-auth-rs/src/context/init_minimal.rs	todo	-	9dfceee14021fc15a2fb93023f39635f25b0b5ba
crates/better-auth-rs/src/context/init.ts	31	crates/better-auth-rs/src/context/init.rs	todo	-	9dfceee14021fc15a2fb93023f39635f25b0b5ba
crates/better-auth-rs/src/context/secret-utils.ts	108	crates/better-auth-rs/src/context/secret_utils.rs	todo	-	9dfceee14021fc15a2fb93023f39635f25b0b5ba
crates/better-auth-rs/src/context/store-capabilities.ts	15	crates/better-auth-rs/src/context/store_capabilities.rs	todo	-	9dfceee14021fc15a2fb93023f39635f25b0b5ba
crates/better-auth-rs/src/cookies/cookie-utils.ts	310	crates/better-auth-rs/src/cookies/cookie_utils.rs	todo	-	9dfceee14021fc15a2fb93023f39635f25b0b5ba
crates/better-auth-rs/src/cookies/index.ts	706	crates/better-auth-rs/src/cookies/mod.rs	todo	-	9dfceee14021fc15a2fb93023f39635f25b0b5ba
crates/better-auth-rs/src/cookies/session-store.ts	290	crates/better-auth-rs/src/cookies/session_store.rs	todo	-	9dfceee14021fc15a2fb93023f39635f25b0b5ba
crates/better-auth-rs/src/crypto/buffer.ts	24	crates/better-auth-rs/src/crypto/buffer.rs	todo	-	9dfceee14021fc15a2fb93023f39635f25b0b5ba
crates/better-auth-rs/src/crypto/index.ts	129	crates/better-auth-rs/src/crypto/mod.rs	todo	-	9dfceee14021fc15a2fb93023f39635f25b0b5ba
crates/better-auth-rs/src/crypto/jwt.ts	185	crates/better-auth-rs/src/crypto/jwt.rs	todo	-	9dfceee14021fc15a2fb93023f39635f25b0b5ba
crates/better-auth-rs/src/crypto/password.ts	23	crates/better-auth-rs/src/crypto/password.rs	todo	-	9dfceee14021fc15a2fb93023f39635f25b0b5ba
crates/better-auth-rs/src/crypto/random.ts	7	crates/better-auth-rs/src/crypto/random.rs	todo	-	9dfceee14021fc15a2fb93023f39635f25b0b5ba
crates/better-auth-rs/src/db/adapter-base.ts	40	crates/better-auth-rs/src/db/adapter_base.rs	todo	-	9dfceee14021fc15a2fb93023f39635f25b0b5ba
crates/better-auth-rs/src/db/adapter-kysely.ts	26	crates/better-auth-rs/src/db/adapter_kysely.rs	todo	-	9dfceee14021fc15a2fb93023f39635f25b0b5ba
crates/better-auth-rs/src/db/field-converter.ts	37	crates/better-auth-rs/src/db/field_converter.rs	todo	-	9dfceee14021fc15a2fb93023f39635f25b0b5ba
crates/better-auth-rs/src/db/field.ts	134	crates/better-auth-rs/src/db/field.rs	todo	-	9dfceee14021fc15a2fb93023f39635f25b0b5ba
crates/better-auth-rs/src/db/get-migration.ts	571	crates/better-auth-rs/src/db/get_migration.rs	todo	-	9dfceee14021fc15a2fb93023f39635f25b0b5ba
crates/better-auth-rs/src/db/get-schema.ts	49	crates/better-auth-rs/src/db/get_schema.rs	todo	-	9dfceee14021fc15a2fb93023f39635f25b0b5ba
crates/better-auth-rs/src/db/index.ts	9	crates/better-auth-rs/src/db/mod.rs	todo	-	9dfceee14021fc15a2fb93023f39635f25b0b5ba
crates/better-auth-rs/src/db/internal-adapter.ts	1550	crates/better-auth-rs/src/db/internal_adapter.rs	todo	-	9dfceee14021fc15a2fb93023f39635f25b0b5ba
crates/better-auth-rs/src/db/revoke-unproven-account-access.ts	36	crates/better-auth-rs/src/db/revoke_unproven_account_access.rs	todo	-	9dfceee14021fc15a2fb93023f39635f25b0b5ba
crates/better-auth-rs/src/db/schema.ts	314	crates/better-auth-rs/src/db/schema.rs	todo	-	9dfceee14021fc15a2fb93023f39635f25b0b5ba
crates/better-auth-rs/src/db/to-zod.ts	99	crates/better-auth-rs/src/db/to_zod.rs	todo	-	9dfceee14021fc15a2fb93023f39635f25b0b5ba
crates/better-auth-rs/src/db/verification-token-storage.ts	54	crates/better-auth-rs/src/db/verification_token_storage.rs	todo	-	9dfceee14021fc15a2fb93023f39635f25b0b5ba
crates/better-auth-rs/src/db/with-hooks.ts	512	crates/better-auth-rs/src/db/with_hooks.rs	todo	-	9dfceee14021fc15a2fb93023f39635f25b0b5ba
crates/better-auth-rs/src/index.ts	31	crates/better-auth-rs/src/lib.rs	todo	-	9dfceee14021fc15a2fb93023f39635f25b0b5ba
crates/better-auth-rs/src/integrations/cookie-plugin-guard.ts	32	crates/better-auth-rs/src/integrations/cookie_plugin_guard.rs	todo	-	9dfceee14021fc15a2fb93023f39635f25b0b5ba
crates/better-auth-rs/src/integrations/next-js.ts	126	crates/better-auth-rs/src/integrations/next_js.rs	todo	-	9dfceee14021fc15a2fb93023f39635f25b0b5ba
crates/better-auth-rs/src/integrations/node.ts	27	crates/better-auth-rs/src/integrations/node.rs	todo	-	9dfceee14021fc15a2fb93023f39635f25b0b5ba
crates/better-auth-rs/src/integrations/solid-start.ts	20	crates/better-auth-rs/src/integrations/solid_start.rs	todo	-	9dfceee14021fc15a2fb93023f39635f25b0b5ba
crates/better-auth-rs/src/integrations/svelte-kit.ts	104	crates/better-auth-rs/src/integrations/svelte_kit.rs	todo	-	9dfceee14021fc15a2fb93023f39635f25b0b5ba
crates/better-auth-rs/src/integrations/tanstack-start-solid.ts	70	crates/better-auth-rs/src/integrations/tanstack_start_solid.rs	todo	-	9dfceee14021fc15a2fb93023f39635f25b0b5ba
crates/better-auth-rs/src/integrations/tanstack-start.ts	67	crates/better-auth-rs/src/integrations/tanstack_start.rs	todo	-	9dfceee14021fc15a2fb93023f39635f25b0b5ba
crates/better-auth-rs/src/oauth2/errors.ts	42	crates/better-auth-rs/src/oauth2/errors.rs	todo	-	9dfceee14021fc15a2fb93023f39635f25b0b5ba
crates/better-auth-rs/src/oauth2/index.ts	4	crates/better-auth-rs/src/oauth2/mod.rs	todo	-	9dfceee14021fc15a2fb93023f39635f25b0b5ba
crates/better-auth-rs/src/oauth2/link-account.ts	370	crates/better-auth-rs/src/oauth2/link_account.rs	todo	-	9dfceee14021fc15a2fb93023f39635f25b0b5ba
crates/better-auth-rs/src/oauth2/state.ts	83	crates/better-auth-rs/src/oauth2/state.rs	todo	-	9dfceee14021fc15a2fb93023f39635f25b0b5ba
crates/better-auth-rs/src/oauth2/utils.ts	37	crates/better-auth-rs/src/oauth2/utils.rs	todo	-	9dfceee14021fc15a2fb93023f39635f25b0b5ba
crates/better-auth-rs/src/plugins/access/access.ts	169	crates/better-auth-rs/src/plugins/access/access.rs	todo	-	9dfceee14021fc15a2fb93023f39635f25b0b5ba
crates/better-auth-rs/src/plugins/access/index.ts	2	crates/better-auth-rs/src/plugins/access/mod.rs	todo	-	9dfceee14021fc15a2fb93023f39635f25b0b5ba
crates/better-auth-rs/src/plugins/access/types.ts	62	crates/better-auth-rs/src/plugins/access/types.rs	todo	-	9dfceee14021fc15a2fb93023f39635f25b0b5ba
crates/better-auth-rs/src/plugins/additional_fields/client.ts	90	crates/better-auth-rs/src/plugins/additional_fields/client.rs	todo	-	9dfceee14021fc15a2fb93023f39635f25b0b5ba
crates/better-auth-rs/src/plugins/admin/access/index.ts	1	crates/better-auth-rs/src/plugins/admin/access/mod.rs	todo	-	9dfceee14021fc15a2fb93023f39635f25b0b5ba
crates/better-auth-rs/src/plugins/admin/access/statement.ts	46	crates/better-auth-rs/src/plugins/admin/access/statement.rs	todo	-	9dfceee14021fc15a2fb93023f39635f25b0b5ba
crates/better-auth-rs/src/plugins/admin/admin.ts	171	crates/better-auth-rs/src/plugins/admin/admin.rs	todo	-	9dfceee14021fc15a2fb93023f39635f25b0b5ba
crates/better-auth-rs/src/plugins/admin/client.ts	100	crates/better-auth-rs/src/plugins/admin/client.rs	todo	-	9dfceee14021fc15a2fb93023f39635f25b0b5ba
crates/better-auth-rs/src/plugins/admin/error-codes.ts	36	crates/better-auth-rs/src/plugins/admin/error_codes.rs	todo	-	9dfceee14021fc15a2fb93023f39635f25b0b5ba
crates/better-auth-rs/src/plugins/admin/has-permission.ts	31	crates/better-auth-rs/src/plugins/admin/has_permission.rs	todo	-	9dfceee14021fc15a2fb93023f39635f25b0b5ba
crates/better-auth-rs/src/plugins/admin/index.ts	2	crates/better-auth-rs/src/plugins/admin/mod.rs	todo	-	9dfceee14021fc15a2fb93023f39635f25b0b5ba
crates/better-auth-rs/src/plugins/admin/routes.ts	1898	crates/better-auth-rs/src/plugins/admin/routes.rs	todo	-	9dfceee14021fc15a2fb93023f39635f25b0b5ba
crates/better-auth-rs/src/plugins/admin/schema.ts	40	crates/better-auth-rs/src/plugins/admin/schema.rs	todo	-	9dfceee14021fc15a2fb93023f39635f25b0b5ba
crates/better-auth-rs/src/plugins/admin/types.ts	92	crates/better-auth-rs/src/plugins/admin/types.rs	todo	-	9dfceee14021fc15a2fb93023f39635f25b0b5ba
crates/better-auth-rs/src/plugins/anonymous/client.ts	27	crates/better-auth-rs/src/plugins/anonymous/client.rs	todo	-	9dfceee14021fc15a2fb93023f39635f25b0b5ba
crates/better-auth-rs/src/plugins/anonymous/error-codes.ts	14	crates/better-auth-rs/src/plugins/anonymous/error_codes.rs	todo	-	9dfceee14021fc15a2fb93023f39635f25b0b5ba
crates/better-auth-rs/src/plugins/anonymous/index.ts	365	crates/better-auth-rs/src/plugins/anonymous/mod.rs	todo	-	9dfceee14021fc15a2fb93023f39635f25b0b5ba
crates/better-auth-rs/src/plugins/anonymous/schema.ts	14	crates/better-auth-rs/src/plugins/anonymous/schema.rs	todo	-	9dfceee14021fc15a2fb93023f39635f25b0b5ba
crates/better-auth-rs/src/plugins/anonymous/types.ts	73	crates/better-auth-rs/src/plugins/anonymous/types.rs	todo	-	9dfceee14021fc15a2fb93023f39635f25b0b5ba
crates/better-auth-rs/src/plugins/bearer/index.ts	162	crates/better-auth-rs/src/plugins/bearer/mod.rs	todo	-	9dfceee14021fc15a2fb93023f39635f25b0b5ba
crates/better-auth-rs/src/plugins/captcha/constants.ts	31	crates/better-auth-rs/src/plugins/captcha/constants.rs	todo	-	9dfceee14021fc15a2fb93023f39635f25b0b5ba
crates/better-auth-rs/src/plugins/captcha/error-codes.ts	14	crates/better-auth-rs/src/plugins/captcha/error_codes.rs	todo	-	9dfceee14021fc15a2fb93023f39635f25b0b5ba
crates/better-auth-rs/src/plugins/captcha/index.ts	135	crates/better-auth-rs/src/plugins/captcha/mod.rs	todo	-	9dfceee14021fc15a2fb93023f39635f25b0b5ba
crates/better-auth-rs/src/plugins/captcha/types.ts	55	crates/better-auth-rs/src/plugins/captcha/types.rs	todo	-	9dfceee14021fc15a2fb93023f39635f25b0b5ba
crates/better-auth-rs/src/plugins/captcha/utils.ts	15	crates/better-auth-rs/src/plugins/captcha/utils.rs	todo	-	9dfceee14021fc15a2fb93023f39635f25b0b5ba
crates/better-auth-rs/src/plugins/captcha/verify_handlers/captchafox.ts	66	crates/better-auth-rs/src/plugins/captcha/verify_handlers/captchafox.rs	todo	-	9dfceee14021fc15a2fb93023f39635f25b0b5ba
crates/better-auth-rs/src/plugins/captcha/verify_handlers/cloudflare-turnstile.ts	82	crates/better-auth-rs/src/plugins/captcha/verify_handlers/cloudflare_turnstile.rs	todo	-	9dfceee14021fc15a2fb93023f39635f25b0b5ba
crates/better-auth-rs/src/plugins/captcha/verify_handlers/google-recaptcha.ts	100	crates/better-auth-rs/src/plugins/captcha/verify_handlers/google_recaptcha.rs	todo	-	9dfceee14021fc15a2fb93023f39635f25b0b5ba
crates/better-auth-rs/src/plugins/captcha/verify_handlers/h-captcha.ts	71	crates/better-auth-rs/src/plugins/captcha/verify_handlers/h_captcha.rs	todo	-	9dfceee14021fc15a2fb93023f39635f25b0b5ba
crates/better-auth-rs/src/plugins/captcha/verify_handlers/index.ts	4	crates/better-auth-rs/src/plugins/captcha/verify_handlers/mod.rs	todo	-	9dfceee14021fc15a2fb93023f39635f25b0b5ba
crates/better-auth-rs/src/plugins/custom_session/client.ts	13	crates/better-auth-rs/src/plugins/custom_session/client.rs	todo	-	9dfceee14021fc15a2fb93023f39635f25b0b5ba
crates/better-auth-rs/src/plugins/custom_session/index.ts	135	crates/better-auth-rs/src/plugins/custom_session/mod.rs	todo	-	9dfceee14021fc15a2fb93023f39635f25b0b5ba
crates/better-auth-rs/src/plugins/device_authorization/client.ts	18	crates/better-auth-rs/src/plugins/device_authorization/client.rs	todo	-	9dfceee14021fc15a2fb93023f39635f25b0b5ba
crates/better-auth-rs/src/plugins/device_authorization/error-codes.ts	18	crates/better-auth-rs/src/plugins/device_authorization/error_codes.rs	todo	-	9dfceee14021fc15a2fb93023f39635f25b0b5ba
crates/better-auth-rs/src/plugins/device_authorization/index.ts	150	crates/better-auth-rs/src/plugins/device_authorization/mod.rs	todo	-	9dfceee14021fc15a2fb93023f39635f25b0b5ba
crates/better-auth-rs/src/plugins/device_authorization/routes.ts	920	crates/better-auth-rs/src/plugins/device_authorization/routes.rs	todo	-	9dfceee14021fc15a2fb93023f39635f25b0b5ba
crates/better-auth-rs/src/plugins/device_authorization/schema.ts	60	crates/better-auth-rs/src/plugins/device_authorization/schema.rs	todo	-	9dfceee14021fc15a2fb93023f39635f25b0b5ba
crates/better-auth-rs/src/plugins/email_otp/client.ts	24	crates/better-auth-rs/src/plugins/email_otp/client.rs	todo	-	9dfceee14021fc15a2fb93023f39635f25b0b5ba
crates/better-auth-rs/src/plugins/email_otp/error-codes.ts	7	crates/better-auth-rs/src/plugins/email_otp/error_codes.rs	todo	-	9dfceee14021fc15a2fb93023f39635f25b0b5ba
crates/better-auth-rs/src/plugins/email_otp/index.ts	198	crates/better-auth-rs/src/plugins/email_otp/mod.rs	todo	-	9dfceee14021fc15a2fb93023f39635f25b0b5ba
crates/better-auth-rs/src/plugins/email_otp/otp-token.ts	114	crates/better-auth-rs/src/plugins/email_otp/otp_token.rs	todo	-	9dfceee14021fc15a2fb93023f39635f25b0b5ba
crates/better-auth-rs/src/plugins/email_otp/routes.ts	1338	crates/better-auth-rs/src/plugins/email_otp/routes.rs	todo	-	9dfceee14021fc15a2fb93023f39635f25b0b5ba
crates/better-auth-rs/src/plugins/email_otp/types.ts	133	crates/better-auth-rs/src/plugins/email_otp/types.rs	todo	-	9dfceee14021fc15a2fb93023f39635f25b0b5ba
crates/better-auth-rs/src/plugins/email_otp/utils.ts	27	crates/better-auth-rs/src/plugins/email_otp/utils.rs	todo	-	9dfceee14021fc15a2fb93023f39635f25b0b5ba
crates/better-auth-rs/src/plugins/generic_oauth/client.ts	21	crates/better-auth-rs/src/plugins/generic_oauth/client.rs	todo	-	9dfceee14021fc15a2fb93023f39635f25b0b5ba
crates/better-auth-rs/src/plugins/generic_oauth/error-codes.ts	14	crates/better-auth-rs/src/plugins/generic_oauth/error_codes.rs	todo	-	9dfceee14021fc15a2fb93023f39635f25b0b5ba
crates/better-auth-rs/src/plugins/generic_oauth/index.ts	275	crates/better-auth-rs/src/plugins/generic_oauth/mod.rs	todo	-	9dfceee14021fc15a2fb93023f39635f25b0b5ba
crates/better-auth-rs/src/plugins/generic_oauth/providers/auth0.ts	52	crates/better-auth-rs/src/plugins/generic_oauth/providers/auth0.rs	todo	-	9dfceee14021fc15a2fb93023f39635f25b0b5ba
crates/better-auth-rs/src/plugins/generic_oauth/providers/gumroad.ts	85	crates/better-auth-rs/src/plugins/generic_oauth/providers/gumroad.rs	todo	-	9dfceee14021fc15a2fb93023f39635f25b0b5ba
crates/better-auth-rs/src/plugins/generic_oauth/providers/hubspot.ts	106	crates/better-auth-rs/src/plugins/generic_oauth/providers/hubspot.rs	todo	-	9dfceee14021fc15a2fb93023f39635f25b0b5ba
crates/better-auth-rs/src/plugins/generic_oauth/providers/index.ts	52	crates/better-auth-rs/src/plugins/generic_oauth/providers/mod.rs	todo	-	9dfceee14021fc15a2fb93023f39635f25b0b5ba
crates/better-auth-rs/src/plugins/generic_oauth/providers/keycloak.ts	52	crates/better-auth-rs/src/plugins/generic_oauth/providers/keycloak.rs	todo	-	9dfceee14021fc15a2fb93023f39635f25b0b5ba
crates/better-auth-rs/src/plugins/generic_oauth/providers/line.ts	135	crates/better-auth-rs/src/plugins/generic_oauth/providers/line.rs	todo	-	9dfceee14021fc15a2fb93023f39635f25b0b5ba
crates/better-auth-rs/src/plugins/generic_oauth/providers/microsoft-entra-id.ts	103	crates/better-auth-rs/src/plugins/generic_oauth/providers/microsoft_entra_id.rs	todo	-	9dfceee14021fc15a2fb93023f39635f25b0b5ba
crates/better-auth-rs/src/plugins/generic_oauth/providers/okta.ts	52	crates/better-auth-rs/src/plugins/generic_oauth/providers/okta.rs	todo	-	9dfceee14021fc15a2fb93023f39635f25b0b5ba
crates/better-auth-rs/src/plugins/generic_oauth/providers/patreon.ts	83	crates/better-auth-rs/src/plugins/generic_oauth/providers/patreon.rs	todo	-	9dfceee14021fc15a2fb93023f39635f25b0b5ba
crates/better-auth-rs/src/plugins/generic_oauth/providers/slack.ts	88	crates/better-auth-rs/src/plugins/generic_oauth/providers/slack.rs	todo	-	9dfceee14021fc15a2fb93023f39635f25b0b5ba
crates/better-auth-rs/src/plugins/generic_oauth/providers/yandex.ts	97	crates/better-auth-rs/src/plugins/generic_oauth/providers/yandex.rs	todo	-	9dfceee14021fc15a2fb93023f39635f25b0b5ba
crates/better-auth-rs/src/plugins/generic_oauth/routes.ts	852	crates/better-auth-rs/src/plugins/generic_oauth/routes.rs	todo	-	9dfceee14021fc15a2fb93023f39635f25b0b5ba
crates/better-auth-rs/src/plugins/generic_oauth/types.ts	192	crates/better-auth-rs/src/plugins/generic_oauth/types.rs	todo	-	9dfceee14021fc15a2fb93023f39635f25b0b5ba
crates/better-auth-rs/src/plugins/haveibeenpwned/index.ts	128	crates/better-auth-rs/src/plugins/haveibeenpwned/mod.rs	todo	-	9dfceee14021fc15a2fb93023f39635f25b0b5ba
crates/better-auth-rs/src/plugins/index.ts	29	crates/better-auth-rs/src/plugins/mod.rs	todo	-	9dfceee14021fc15a2fb93023f39635f25b0b5ba
crates/better-auth-rs/src/plugins/jwt/adapter.ts	50	crates/better-auth-rs/src/plugins/jwt/adapter.rs	todo	-	9dfceee14021fc15a2fb93023f39635f25b0b5ba
crates/better-auth-rs/src/plugins/jwt/client.ts	39	crates/better-auth-rs/src/plugins/jwt/client.rs	todo	-	9dfceee14021fc15a2fb93023f39635f25b0b5ba
crates/better-auth-rs/src/plugins/jwt/index.ts	354	crates/better-auth-rs/src/plugins/jwt/mod.rs	todo	-	9dfceee14021fc15a2fb93023f39635f25b0b5ba
crates/better-auth-rs/src/plugins/jwt/schema.ts	24	crates/better-auth-rs/src/plugins/jwt/schema.rs	todo	-	9dfceee14021fc15a2fb93023f39635f25b0b5ba
crates/better-auth-rs/src/plugins/jwt/sign.ts	170	crates/better-auth-rs/src/plugins/jwt/sign.rs	todo	-	9dfceee14021fc15a2fb93023f39635f25b0b5ba
crates/better-auth-rs/src/plugins/jwt/types.ts	208	crates/better-auth-rs/src/plugins/jwt/types.rs	todo	-	9dfceee14021fc15a2fb93023f39635f25b0b5ba
crates/better-auth-rs/src/plugins/jwt/utils.ts	96	crates/better-auth-rs/src/plugins/jwt/utils.rs	todo	-	9dfceee14021fc15a2fb93023f39635f25b0b5ba
crates/better-auth-rs/src/plugins/jwt/verify.ts	70	crates/better-auth-rs/src/plugins/jwt/verify.rs	todo	-	9dfceee14021fc15a2fb93023f39635f25b0b5ba
crates/better-auth-rs/src/plugins/last_login_method/client.ts	75	crates/better-auth-rs/src/plugins/last_login_method/client.rs	todo	-	9dfceee14021fc15a2fb93023f39635f25b0b5ba
crates/better-auth-rs/src/plugins/last_login_method/index.ts	211	crates/better-auth-rs/src/plugins/last_login_method/mod.rs	todo	-	9dfceee14021fc15a2fb93023f39635f25b0b5ba
crates/better-auth-rs/src/plugins/magic_link/client.ts	11	crates/better-auth-rs/src/plugins/magic_link/client.rs	todo	-	9dfceee14021fc15a2fb93023f39635f25b0b5ba
crates/better-auth-rs/src/plugins/magic_link/index.ts	457	crates/better-auth-rs/src/plugins/magic_link/mod.rs	todo	-	9dfceee14021fc15a2fb93023f39635f25b0b5ba
crates/better-auth-rs/src/plugins/magic_link/utils.ts	12	crates/better-auth-rs/src/plugins/magic_link/utils.rs	todo	-	9dfceee14021fc15a2fb93023f39635f25b0b5ba
crates/better-auth-rs/src/plugins/mcp/authorize.ts	276	crates/better-auth-rs/src/plugins/mcp/authorize.rs	todo	-	9dfceee14021fc15a2fb93023f39635f25b0b5ba
crates/better-auth-rs/src/plugins/mcp/client/adapters.ts	221	crates/better-auth-rs/src/plugins/mcp/client/adapters.rs	todo	-	9dfceee14021fc15a2fb93023f39635f25b0b5ba
crates/better-auth-rs/src/plugins/mcp/client/index.ts	295	crates/better-auth-rs/src/plugins/mcp/client/mod.rs	todo	-	9dfceee14021fc15a2fb93023f39635f25b0b5ba
crates/better-auth-rs/src/plugins/mcp/index.ts	1180	crates/better-auth-rs/src/plugins/mcp/mod.rs	todo	-	9dfceee14021fc15a2fb93023f39635f25b0b5ba
crates/better-auth-rs/src/plugins/multi_session/client.ts	25	crates/better-auth-rs/src/plugins/multi_session/client.rs	todo	-	9dfceee14021fc15a2fb93023f39635f25b0b5ba
crates/better-auth-rs/src/plugins/multi_session/error-codes.ts	5	crates/better-auth-rs/src/plugins/multi_session/error_codes.rs	todo	-	9dfceee14021fc15a2fb93023f39635f25b0b5ba
crates/better-auth-rs/src/plugins/multi_session/index.ts	420	crates/better-auth-rs/src/plugins/multi_session/mod.rs	todo	-	9dfceee14021fc15a2fb93023f39635f25b0b5ba
crates/better-auth-rs/src/plugins/oauth_popup/client.ts	365	crates/better-auth-rs/src/plugins/oauth_popup/client.rs	todo	-	9dfceee14021fc15a2fb93023f39635f25b0b5ba
crates/better-auth-rs/src/plugins/oauth_popup/constants.ts	11	crates/better-auth-rs/src/plugins/oauth_popup/constants.rs	todo	-	9dfceee14021fc15a2fb93023f39635f25b0b5ba
crates/better-auth-rs/src/plugins/oauth_popup/error-codes.ts	8	crates/better-auth-rs/src/plugins/oauth_popup/error_codes.rs	todo	-	9dfceee14021fc15a2fb93023f39635f25b0b5ba
crates/better-auth-rs/src/plugins/oauth_popup/index.ts	371	crates/better-auth-rs/src/plugins/oauth_popup/mod.rs	todo	-	9dfceee14021fc15a2fb93023f39635f25b0b5ba
crates/better-auth-rs/src/plugins/oauth_popup/types.ts	29	crates/better-auth-rs/src/plugins/oauth_popup/types.rs	todo	-	9dfceee14021fc15a2fb93023f39635f25b0b5ba
crates/better-auth-rs/src/plugins/oauth_proxy/index.ts	685	crates/better-auth-rs/src/plugins/oauth_proxy/mod.rs	todo	-	9dfceee14021fc15a2fb93023f39635f25b0b5ba
crates/better-auth-rs/src/plugins/oauth_proxy/utils.ts	95	crates/better-auth-rs/src/plugins/oauth_proxy/utils.rs	todo	-	9dfceee14021fc15a2fb93023f39635f25b0b5ba
crates/better-auth-rs/src/plugins/oidc_provider/authorize.ts	435	crates/better-auth-rs/src/plugins/oidc_provider/authorize.rs	todo	-	9dfceee14021fc15a2fb93023f39635f25b0b5ba
crates/better-auth-rs/src/plugins/oidc_provider/client.ts	19	crates/better-auth-rs/src/plugins/oidc_provider/client.rs	todo	-	9dfceee14021fc15a2fb93023f39635f25b0b5ba
crates/better-auth-rs/src/plugins/oidc_provider/error.ts	24	crates/better-auth-rs/src/plugins/oidc_provider/error.rs	todo	-	9dfceee14021fc15a2fb93023f39635f25b0b5ba
crates/better-auth-rs/src/plugins/oidc_provider/index.ts	1876	crates/better-auth-rs/src/plugins/oidc_provider/mod.rs	todo	-	9dfceee14021fc15a2fb93023f39635f25b0b5ba
crates/better-auth-rs/src/plugins/oidc_provider/schema.ts	193	crates/better-auth-rs/src/plugins/oidc_provider/schema.rs	todo	-	9dfceee14021fc15a2fb93023f39635f25b0b5ba
crates/better-auth-rs/src/plugins/oidc_provider/types.ts	546	crates/better-auth-rs/src/plugins/oidc_provider/types.rs	todo	-	9dfceee14021fc15a2fb93023f39635f25b0b5ba
crates/better-auth-rs/src/plugins/oidc_provider/utils/prompt.ts	30	crates/better-auth-rs/src/plugins/oidc_provider/utils/prompt.rs	todo	-	9dfceee14021fc15a2fb93023f39635f25b0b5ba
crates/better-auth-rs/src/plugins/oidc_provider/utils.ts	15	crates/better-auth-rs/src/plugins/oidc_provider/utils.rs	todo	-	9dfceee14021fc15a2fb93023f39635f25b0b5ba
crates/better-auth-rs/src/plugins/one_tap/client.ts	448	crates/better-auth-rs/src/plugins/one_tap/client.rs	todo	-	9dfceee14021fc15a2fb93023f39635f25b0b5ba
crates/better-auth-rs/src/plugins/one_tap/index.ts	199	crates/better-auth-rs/src/plugins/one_tap/mod.rs	todo	-	9dfceee14021fc15a2fb93023f39635f25b0b5ba
crates/better-auth-rs/src/plugins/one_time_token/client.ts	13	crates/better-auth-rs/src/plugins/one_time_token/client.rs	todo	-	9dfceee14021fc15a2fb93023f39635f25b0b5ba
crates/better-auth-rs/src/plugins/one_time_token/index.ts	246	crates/better-auth-rs/src/plugins/one_time_token/mod.rs	todo	-	9dfceee14021fc15a2fb93023f39635f25b0b5ba
crates/better-auth-rs/src/plugins/one_time_token/utils.ts	11	crates/better-auth-rs/src/plugins/one_time_token/utils.rs	todo	-	9dfceee14021fc15a2fb93023f39635f25b0b5ba
crates/better-auth-rs/src/plugins/open_api/generator.ts	997	crates/better-auth-rs/src/plugins/open_api/generator.rs	todo	-	9dfceee14021fc15a2fb93023f39635f25b0b5ba
crates/better-auth-rs/src/plugins/open_api/index.ts	141	crates/better-auth-rs/src/plugins/open_api/mod.rs	todo	-	9dfceee14021fc15a2fb93023f39635f25b0b5ba
crates/better-auth-rs/src/plugins/open_api/logo.ts	10	crates/better-auth-rs/src/plugins/open_api/logo.rs	todo	-	9dfceee14021fc15a2fb93023f39635f25b0b5ba
crates/better-auth-rs/src/plugins/organization/access/index.ts	1	crates/better-auth-rs/src/plugins/organization/access/mod.rs	todo	-	9dfceee14021fc15a2fb93023f39635f25b0b5ba
crates/better-auth-rs/src/plugins/organization/access/statement.ts	41	crates/better-auth-rs/src/plugins/organization/access/statement.rs	todo	-	9dfceee14021fc15a2fb93023f39635f25b0b5ba
crates/better-auth-rs/src/plugins/organization/adapter.ts	1160	crates/better-auth-rs/src/plugins/organization/adapter.rs	todo	-	9dfceee14021fc15a2fb93023f39635f25b0b5ba
crates/better-auth-rs/src/plugins/organization/call.ts	45	crates/better-auth-rs/src/plugins/organization/call.rs	todo	-	9dfceee14021fc15a2fb93023f39635f25b0b5ba
crates/better-auth-rs/src/plugins/organization/client.ts	333	crates/better-auth-rs/src/plugins/organization/client.rs	todo	-	9dfceee14021fc15a2fb93023f39635f25b0b5ba
crates/better-auth-rs/src/plugins/organization/error-codes.ts	96	crates/better-auth-rs/src/plugins/organization/error_codes.rs	todo	-	9dfceee14021fc15a2fb93023f39635f25b0b5ba
crates/better-auth-rs/src/plugins/organization/has-permission.ts	79	crates/better-auth-rs/src/plugins/organization/has_permission.rs	todo	-	9dfceee14021fc15a2fb93023f39635f25b0b5ba
crates/better-auth-rs/src/plugins/organization/index.ts	4	crates/better-auth-rs/src/plugins/organization/mod.rs	todo	-	9dfceee14021fc15a2fb93023f39635f25b0b5ba
crates/better-auth-rs/src/plugins/organization/organization.ts	1284	crates/better-auth-rs/src/plugins/organization/organization.rs	todo	-	9dfceee14021fc15a2fb93023f39635f25b0b5ba
crates/better-auth-rs/src/plugins/organization/permission.ts	44	crates/better-auth-rs/src/plugins/organization/permission.rs	todo	-	9dfceee14021fc15a2fb93023f39635f25b0b5ba
crates/better-auth-rs/src/plugins/organization/routes/crud-access-control.ts	1278	crates/better-auth-rs/src/plugins/organization/routes/crud_access_control.rs	todo	-	9dfceee14021fc15a2fb93023f39635f25b0b5ba
crates/better-auth-rs/src/plugins/organization/routes/crud-invites.ts	1415	crates/better-auth-rs/src/plugins/organization/routes/crud_invites.rs	todo	-	9dfceee14021fc15a2fb93023f39635f25b0b5ba
crates/better-auth-rs/src/plugins/organization/routes/crud-members.ts	1133	crates/better-auth-rs/src/plugins/organization/routes/crud_members.rs	todo	-	9dfceee14021fc15a2fb93023f39635f25b0b5ba
crates/better-auth-rs/src/plugins/organization/routes/crud-org.ts	909	crates/better-auth-rs/src/plugins/organization/routes/crud_org.rs	todo	-	9dfceee14021fc15a2fb93023f39635f25b0b5ba
crates/better-auth-rs/src/plugins/organization/routes/crud-team.ts	1389	crates/better-auth-rs/src/plugins/organization/routes/crud_team.rs	todo	-	9dfceee14021fc15a2fb93023f39635f25b0b5ba
crates/better-auth-rs/src/plugins/organization/schema.ts	480	crates/better-auth-rs/src/plugins/organization/schema.rs	todo	-	9dfceee14021fc15a2fb93023f39635f25b0b5ba
crates/better-auth-rs/src/plugins/organization/types.ts	784	crates/better-auth-rs/src/plugins/organization/types.rs	todo	-	9dfceee14021fc15a2fb93023f39635f25b0b5ba
crates/better-auth-rs/src/plugins/phone_number/client.ts	29	crates/better-auth-rs/src/plugins/phone_number/client.rs	todo	-	9dfceee14021fc15a2fb93023f39635f25b0b5ba
crates/better-auth-rs/src/plugins/phone_number/error-codes.ts	16	crates/better-auth-rs/src/plugins/phone_number/error_codes.rs	todo	-	9dfceee14021fc15a2fb93023f39635f25b0b5ba
crates/better-auth-rs/src/plugins/phone_number/index.ts	111	crates/better-auth-rs/src/plugins/phone_number/mod.rs	todo	-	9dfceee14021fc15a2fb93023f39635f25b0b5ba
crates/better-auth-rs/src/plugins/phone_number/routes.ts	904	crates/better-auth-rs/src/plugins/phone_number/routes.rs	todo	-	9dfceee14021fc15a2fb93023f39635f25b0b5ba
crates/better-auth-rs/src/plugins/phone_number/schema.ts	21	crates/better-auth-rs/src/plugins/phone_number/schema.rs	todo	-	9dfceee14021fc15a2fb93023f39635f25b0b5ba
crates/better-auth-rs/src/plugins/phone_number/types.ts	130	crates/better-auth-rs/src/plugins/phone_number/types.rs	todo	-	9dfceee14021fc15a2fb93023f39635f25b0b5ba
crates/better-auth-rs/src/plugins/siwe/client.ts	15	crates/better-auth-rs/src/plugins/siwe/client.rs	todo	-	9dfceee14021fc15a2fb93023f39635f25b0b5ba
crates/better-auth-rs/src/plugins/siwe/index.ts	398	crates/better-auth-rs/src/plugins/siwe/mod.rs	todo	-	9dfceee14021fc15a2fb93023f39635f25b0b5ba
crates/better-auth-rs/src/plugins/siwe/parse-message.ts	102	crates/better-auth-rs/src/plugins/siwe/parse_message.rs	todo	-	9dfceee14021fc15a2fb93023f39635f25b0b5ba
crates/better-auth-rs/src/plugins/siwe/schema.ts	35	crates/better-auth-rs/src/plugins/siwe/schema.rs	todo	-	9dfceee14021fc15a2fb93023f39635f25b0b5ba
crates/better-auth-rs/src/plugins/siwe/types.ts	59	crates/better-auth-rs/src/plugins/siwe/types.rs	todo	-	9dfceee14021fc15a2fb93023f39635f25b0b5ba
crates/better-auth-rs/src/plugins/test_utils/auth-helpers.ts	47	crates/better-auth-rs/src/plugins/test_utils/auth_helpers.rs	todo	-	9dfceee14021fc15a2fb93023f39635f25b0b5ba
crates/better-auth-rs/src/plugins/test_utils/cookie-builder.ts	80	crates/better-auth-rs/src/plugins/test_utils/cookie_builder.rs	todo	-	9dfceee14021fc15a2fb93023f39635f25b0b5ba
crates/better-auth-rs/src/plugins/test_utils/db-helpers.ts	77	crates/better-auth-rs/src/plugins/test_utils/db_helpers.rs	todo	-	9dfceee14021fc15a2fb93023f39635f25b0b5ba
crates/better-auth-rs/src/plugins/test_utils/factories.ts	54	crates/better-auth-rs/src/plugins/test_utils/factories.rs	todo	-	9dfceee14021fc15a2fb93023f39635f25b0b5ba
crates/better-auth-rs/src/plugins/test_utils/index.ts	161	crates/better-auth-rs/src/plugins/test_utils/mod.rs	todo	-	9dfceee14021fc15a2fb93023f39635f25b0b5ba
crates/better-auth-rs/src/plugins/test_utils/otp-sink.ts	19	crates/better-auth-rs/src/plugins/test_utils/otp_sink.rs	todo	-	9dfceee14021fc15a2fb93023f39635f25b0b5ba
crates/better-auth-rs/src/plugins/test_utils/types.ts	55	crates/better-auth-rs/src/plugins/test_utils/types.rs	todo	-	9dfceee14021fc15a2fb93023f39635f25b0b5ba
crates/better-auth-rs/src/plugins/two_factor/backup_codes/index.ts	593	crates/better-auth-rs/src/plugins/two_factor/backup_codes/mod.rs	todo	-	9dfceee14021fc15a2fb93023f39635f25b0b5ba
crates/better-auth-rs/src/plugins/two_factor/client.ts	91	crates/better-auth-rs/src/plugins/two_factor/client.rs	todo	-	9dfceee14021fc15a2fb93023f39635f25b0b5ba
crates/better-auth-rs/src/plugins/two_factor/constant.ts	11	crates/better-auth-rs/src/plugins/two_factor/constant.rs	todo	-	9dfceee14021fc15a2fb93023f39635f25b0b5ba
crates/better-auth-rs/src/plugins/two_factor/error-code.ts	16	crates/better-auth-rs/src/plugins/two_factor/error_code.rs	todo	-	9dfceee14021fc15a2fb93023f39635f25b0b5ba
crates/better-auth-rs/src/plugins/two_factor/index.ts	574	crates/better-auth-rs/src/plugins/two_factor/mod.rs	todo	-	9dfceee14021fc15a2fb93023f39635f25b0b5ba
crates/better-auth-rs/src/plugins/two_factor/otp/index.ts	463	crates/better-auth-rs/src/plugins/two_factor/otp/mod.rs	todo	-	9dfceee14021fc15a2fb93023f39635f25b0b5ba
crates/better-auth-rs/src/plugins/two_factor/schema.ts	60	crates/better-auth-rs/src/plugins/two_factor/schema.rs	todo	-	9dfceee14021fc15a2fb93023f39635f25b0b5ba
crates/better-auth-rs/src/plugins/two_factor/totp/index.ts	416	crates/better-auth-rs/src/plugins/two_factor/totp/mod.rs	todo	-	9dfceee14021fc15a2fb93023f39635f25b0b5ba
crates/better-auth-rs/src/plugins/two_factor/types.ts	112	crates/better-auth-rs/src/plugins/two_factor/types.rs	todo	-	9dfceee14021fc15a2fb93023f39635f25b0b5ba
crates/better-auth-rs/src/plugins/two_factor/utils.ts	12	crates/better-auth-rs/src/plugins/two_factor/utils.rs	todo	-	9dfceee14021fc15a2fb93023f39635f25b0b5ba
crates/better-auth-rs/src/plugins/two_factor/verify-two-factor.ts	303	crates/better-auth-rs/src/plugins/two_factor/verify_two_factor.rs	todo	-	9dfceee14021fc15a2fb93023f39635f25b0b5ba
crates/better-auth-rs/src/plugins/username/client.ts	21	crates/better-auth-rs/src/plugins/username/client.rs	todo	-	9dfceee14021fc15a2fb93023f39635f25b0b5ba
crates/better-auth-rs/src/plugins/username/error-codes.ts	12	crates/better-auth-rs/src/plugins/username/error_codes.rs	todo	-	9dfceee14021fc15a2fb93023f39635f25b0b5ba
crates/better-auth-rs/src/plugins/username/index.ts	729	crates/better-auth-rs/src/plugins/username/mod.rs	todo	-	9dfceee14021fc15a2fb93023f39635f25b0b5ba
crates/better-auth-rs/src/plugins/username/schema.ts	40	crates/better-auth-rs/src/plugins/username/schema.rs	todo	-	9dfceee14021fc15a2fb93023f39635f25b0b5ba
crates/better-auth-rs/src/social_providers/index.ts	1	crates/better-auth-rs/src/social_providers/mod.rs	todo	-	9dfceee14021fc15a2fb93023f39635f25b0b5ba
crates/better-auth-rs/src/state.ts	288	crates/better-auth-rs/src/state.rs	todo	-	9dfceee14021fc15a2fb93023f39635f25b0b5ba
crates/better-auth-rs/src/test_utils/headers.ts	19	crates/better-auth-rs/src/test_utils/headers.rs	todo	-	9dfceee14021fc15a2fb93023f39635f25b0b5ba
crates/better-auth-rs/src/test_utils/index.ts	2	crates/better-auth-rs/src/test_utils/mod.rs	todo	-	9dfceee14021fc15a2fb93023f39635f25b0b5ba
crates/better-auth-rs/src/test_utils/test-instance.ts	381	crates/better-auth-rs/src/test_utils/test_instance.rs	todo	-	9dfceee14021fc15a2fb93023f39635f25b0b5ba
crates/better-auth-rs/src/types/adapter.ts	12	crates/better-auth-rs/src/types/adapter.rs	todo	-	9dfceee14021fc15a2fb93023f39635f25b0b5ba
crates/better-auth-rs/src/types/api.ts	53	crates/better-auth-rs/src/types/api.rs	todo	-	9dfceee14021fc15a2fb93023f39635f25b0b5ba
crates/better-auth-rs/src/types/auth.ts	27	crates/better-auth-rs/src/types/auth.rs	todo	-	9dfceee14021fc15a2fb93023f39635f25b0b5ba
crates/better-auth-rs/src/types/helper.ts	87	crates/better-auth-rs/src/types/helper.rs	todo	-	9dfceee14021fc15a2fb93023f39635f25b0b5ba
crates/better-auth-rs/src/types/index.ts	16	crates/better-auth-rs/src/types/mod.rs	todo	-	9dfceee14021fc15a2fb93023f39635f25b0b5ba
crates/better-auth-rs/src/types/models.ts	33	crates/better-auth-rs/src/types/models.rs	todo	-	9dfceee14021fc15a2fb93023f39635f25b0b5ba
crates/better-auth-rs/src/types/plugins.ts	55	crates/better-auth-rs/src/types/plugins.rs	todo	-	9dfceee14021fc15a2fb93023f39635f25b0b5ba
crates/better-auth-rs/src/utils/boolean.ts	3	crates/better-auth-rs/src/utils/boolean.rs	todo	-	9dfceee14021fc15a2fb93023f39635f25b0b5ba
crates/better-auth-rs/src/utils/constants.ts	1	crates/better-auth-rs/src/utils/constants.rs	todo	-	9dfceee14021fc15a2fb93023f39635f25b0b5ba
crates/better-auth-rs/src/utils/date.ts	3	crates/better-auth-rs/src/utils/date.rs	todo	-	9dfceee14021fc15a2fb93023f39635f25b0b5ba
crates/better-auth-rs/src/utils/hashing.ts	26	crates/better-auth-rs/src/utils/hashing.rs	todo	-	9dfceee14021fc15a2fb93023f39635f25b0b5ba
crates/better-auth-rs/src/utils/hide-metadata.ts	3	crates/better-auth-rs/src/utils/hide_metadata.rs	todo	-	9dfceee14021fc15a2fb93023f39635f25b0b5ba
crates/better-auth-rs/src/utils/index.ts	5	crates/better-auth-rs/src/utils/mod.rs	todo	-	9dfceee14021fc15a2fb93023f39635f25b0b5ba
crates/better-auth-rs/src/utils/is-api-error.ts	1	crates/better-auth-rs/src/utils/is_api_error.rs	todo	-	9dfceee14021fc15a2fb93023f39635f25b0b5ba
crates/better-auth-rs/src/utils/is-atom.ts	12	crates/better-auth-rs/src/utils/is_atom.rs	todo	-	9dfceee14021fc15a2fb93023f39635f25b0b5ba
crates/better-auth-rs/src/utils/is-promise.ts	7	crates/better-auth-rs/src/utils/is_promise.rs	todo	-	9dfceee14021fc15a2fb93023f39635f25b0b5ba
crates/better-auth-rs/src/utils/middleware-response.ts	17	crates/better-auth-rs/src/utils/middleware_response.rs	todo	-	9dfceee14021fc15a2fb93023f39635f25b0b5ba
crates/better-auth-rs/src/utils/password.ts	65	crates/better-auth-rs/src/utils/password.rs	todo	-	9dfceee14021fc15a2fb93023f39635f25b0b5ba
crates/better-auth-rs/src/utils/plugin-helper.ts	22	crates/better-auth-rs/src/utils/plugin_helper.rs	todo	-	9dfceee14021fc15a2fb93023f39635f25b0b5ba
crates/better-auth-rs/src/utils/shim.ts	22	crates/better-auth-rs/src/utils/shim.rs	todo	-	9dfceee14021fc15a2fb93023f39635f25b0b5ba
crates/better-auth-rs/src/utils/time.ts	138	crates/better-auth-rs/src/utils/time.rs	todo	-	9dfceee14021fc15a2fb93023f39635f25b0b5ba
crates/better-auth-rs/src/utils/url.ts	486	crates/better-auth-rs/src/utils/url.rs	todo	-	9dfceee14021fc15a2fb93023f39635f25b0b5ba
crates/better-auth-rs/src/utils/wildcard.ts	246	crates/better-auth-rs/src/utils/wildcard.rs	todo	-	9dfceee14021fc15a2fb93023f39635f25b0b5ba
crates/better-auth-rs/src/version.ts	3	crates/better-auth-rs/src/version.rs	todo	-	9dfceee14021fc15a2fb93023f39635f25b0b5ba
crates/better-auth-rs-api-key/src/adapter.ts	808	crates/better-auth-rs-api-key/src/adapter.rs	todo	-	9dfceee14021fc15a2fb93023f39635f25b0b5ba
crates/better-auth-rs-api-key/src/client.ts	24	crates/better-auth-rs-api-key/src/client.rs	todo	-	9dfceee14021fc15a2fb93023f39635f25b0b5ba
crates/better-auth-rs-api-key/src/error-codes.ts	47	crates/better-auth-rs-api-key/src/error_codes.rs	todo	-	9dfceee14021fc15a2fb93023f39635f25b0b5ba
crates/better-auth-rs-api-key/src/index.ts	387	crates/better-auth-rs-api-key/src/lib.rs	todo	-	9dfceee14021fc15a2fb93023f39635f25b0b5ba
crates/better-auth-rs-api-key/src/org-authorization.ts	145	crates/better-auth-rs-api-key/src/org_authorization.rs	todo	-	9dfceee14021fc15a2fb93023f39635f25b0b5ba
crates/better-auth-rs-api-key/src/rate-limit.ts	97	crates/better-auth-rs-api-key/src/rate_limit.rs	todo	-	9dfceee14021fc15a2fb93023f39635f25b0b5ba
crates/better-auth-rs-api-key/src/routes/create-api-key.ts	535	crates/better-auth-rs-api-key/src/routes/create_api_key.rs	todo	-	9dfceee14021fc15a2fb93023f39635f25b0b5ba
crates/better-auth-rs-api-key/src/routes/delete-all-expired-api-keys.ts	33	crates/better-auth-rs-api-key/src/routes/delete_all_expired_api_keys.rs	todo	-	9dfceee14021fc15a2fb93023f39635f25b0b5ba
crates/better-auth-rs-api-key/src/routes/delete-api-key.ts	172	crates/better-auth-rs-api-key/src/routes/delete_api_key.rs	todo	-	9dfceee14021fc15a2fb93023f39635f25b0b5ba
crates/better-auth-rs-api-key/src/routes/get-api-key.ts	250	crates/better-auth-rs-api-key/src/routes/get_api_key.rs	todo	-	9dfceee14021fc15a2fb93023f39635f25b0b5ba
crates/better-auth-rs-api-key/src/routes/index.ts	177	crates/better-auth-rs-api-key/src/routes/mod.rs	todo	-	9dfceee14021fc15a2fb93023f39635f25b0b5ba
crates/better-auth-rs-api-key/src/routes/list-api-keys.ts	402	crates/better-auth-rs-api-key/src/routes/list_api_keys.rs	todo	-	9dfceee14021fc15a2fb93023f39635f25b0b5ba
crates/better-auth-rs-api-key/src/routes/update-api-key.ts	506	crates/better-auth-rs-api-key/src/routes/update_api_key.rs	todo	-	9dfceee14021fc15a2fb93023f39635f25b0b5ba
crates/better-auth-rs-api-key/src/routes/verify-api-key.ts	631	crates/better-auth-rs-api-key/src/routes/verify_api_key.rs	todo	-	9dfceee14021fc15a2fb93023f39635f25b0b5ba
crates/better-auth-rs-api-key/src/schema.ts	204	crates/better-auth-rs-api-key/src/schema.rs	todo	-	9dfceee14021fc15a2fb93023f39635f25b0b5ba
crates/better-auth-rs-api-key/src/types.ts	386	crates/better-auth-rs-api-key/src/types.rs	todo	-	9dfceee14021fc15a2fb93023f39635f25b0b5ba
crates/better-auth-rs-api-key/src/utils.ts	14	crates/better-auth-rs-api-key/src/utils.rs	todo	-	9dfceee14021fc15a2fb93023f39635f25b0b5ba
crates/better-auth-rs-api-key/src/version.ts	3	crates/better-auth-rs-api-key/src/version.rs	todo	-	9dfceee14021fc15a2fb93023f39635f25b0b5ba
crates/better-auth-rs-cli/src/api.ts	9	crates/better-auth-rs-cli/src/api.rs	todo	-	9dfceee14021fc15a2fb93023f39635f25b0b5ba
crates/better-auth-rs-cli/src/commands/ai.ts	781	crates/better-auth-rs-cli/src/commands/ai.rs	todo	-	9dfceee14021fc15a2fb93023f39635f25b0b5ba
crates/better-auth-rs-cli/src/commands/generate.ts	310	crates/better-auth-rs-cli/src/commands/generate.rs	todo	-	9dfceee14021fc15a2fb93023f39635f25b0b5ba
crates/better-auth-rs-cli/src/commands/info.ts	549	crates/better-auth-rs-cli/src/commands/info.rs	todo	-	9dfceee14021fc15a2fb93023f39635f25b0b5ba
crates/better-auth-rs-cli/src/commands/init/generate-auth-client.ts	66	crates/better-auth-rs-cli/src/commands/init/generate_auth_client.rs	todo	-	9dfceee14021fc15a2fb93023f39635f25b0b5ba
crates/better-auth-rs-cli/src/commands/init/generate-auth.ts	180	crates/better-auth-rs-cli/src/commands/init/generate_auth.rs	todo	-	9dfceee14021fc15a2fb93023f39635f25b0b5ba
crates/better-auth-rs-cli/src/commands/init/index.ts	1680	crates/better-auth-rs-cli/src/commands/init/mod.rs	todo	-	9dfceee14021fc15a2fb93023f39635f25b0b5ba
crates/better-auth-rs-cli/src/commands/init/utility/auth-client-config.ts	37	crates/better-auth-rs-cli/src/commands/init/utility/auth_client_config.rs	todo	-	9dfceee14021fc15a2fb93023f39635f25b0b5ba
crates/better-auth-rs-cli/src/commands/init/utility/auth-config.ts	109	crates/better-auth-rs-cli/src/commands/init/utility/auth_config.rs	todo	-	9dfceee14021fc15a2fb93023f39635f25b0b5ba
crates/better-auth-rs-cli/src/commands/init/utility/database.ts	200	crates/better-auth-rs-cli/src/commands/init/utility/database.rs	todo	-	9dfceee14021fc15a2fb93023f39635f25b0b5ba
crates/better-auth-rs-cli/src/commands/init/utility/env.ts	74	crates/better-auth-rs-cli/src/commands/init/utility/env.rs	todo	-	9dfceee14021fc15a2fb93023f39635f25b0b5ba
crates/better-auth-rs-cli/src/commands/init/utility/format.ts	7	crates/better-auth-rs-cli/src/commands/init/utility/format.rs	todo	-	9dfceee14021fc15a2fb93023f39635f25b0b5ba
crates/better-auth-rs-cli/src/commands/init/utility/framework.ts	48	crates/better-auth-rs-cli/src/commands/init/utility/framework.rs	todo	-	9dfceee14021fc15a2fb93023f39635f25b0b5ba
crates/better-auth-rs-cli/src/commands/init/utility/imports.ts	125	crates/better-auth-rs-cli/src/commands/init/utility/imports.rs	todo	-	9dfceee14021fc15a2fb93023f39635f25b0b5ba
crates/better-auth-rs-cli/src/commands/init/utility/index.ts	4	crates/better-auth-rs-cli/src/commands/init/utility/mod.rs	todo	-	9dfceee14021fc15a2fb93023f39635f25b0b5ba
crates/better-auth-rs-cli/src/commands/init/utility/plugin.ts	355	crates/better-auth-rs-cli/src/commands/init/utility/plugin.rs	todo	-	9dfceee14021fc15a2fb93023f39635f25b0b5ba
crates/better-auth-rs-cli/src/commands/init/utility/prompt.ts	165	crates/better-auth-rs-cli/src/commands/init/utility/prompt.rs	todo	-	9dfceee14021fc15a2fb93023f39635f25b0b5ba
crates/better-auth-rs-cli/src/commands/login.ts	33	crates/better-auth-rs-cli/src/commands/login.rs	todo	-	9dfceee14021fc15a2fb93023f39635f25b0b5ba
crates/better-auth-rs-cli/src/commands/mcp.ts	248	crates/better-auth-rs-cli/src/commands/mcp.rs	todo	-	9dfceee14021fc15a2fb93023f39635f25b0b5ba
crates/better-auth-rs-cli/src/commands/migrate.ts	200	crates/better-auth-rs-cli/src/commands/migrate.rs	todo	-	9dfceee14021fc15a2fb93023f39635f25b0b5ba
crates/better-auth-rs-cli/src/commands/secret.ts	11	crates/better-auth-rs-cli/src/commands/secret.rs	todo	-	9dfceee14021fc15a2fb93023f39635f25b0b5ba
crates/better-auth-rs-cli/src/commands/upgrade.ts	177	crates/better-auth-rs-cli/src/commands/upgrade.rs	todo	-	9dfceee14021fc15a2fb93023f39635f25b0b5ba
crates/better-auth-rs-cli/src/generators/drizzle.ts	679	crates/better-auth-rs-cli/src/generators/drizzle.rs	todo	-	9dfceee14021fc15a2fb93023f39635f25b0b5ba
crates/better-auth-rs-cli/src/generators/index.ts	41	crates/better-auth-rs-cli/src/generators/mod.rs	todo	-	9dfceee14021fc15a2fb93023f39635f25b0b5ba
crates/better-auth-rs-cli/src/generators/kysely.ts	18	crates/better-auth-rs-cli/src/generators/kysely.rs	todo	-	9dfceee14021fc15a2fb93023f39635f25b0b5ba
crates/better-auth-rs-cli/src/generators/prisma.ts	543	crates/better-auth-rs-cli/src/generators/prisma.rs	todo	-	9dfceee14021fc15a2fb93023f39635f25b0b5ba
crates/better-auth-rs-cli/src/generators/types.ts	17	crates/better-auth-rs-cli/src/generators/types.rs	todo	-	9dfceee14021fc15a2fb93023f39635f25b0b5ba
crates/better-auth-rs-cli/src/index.ts	54	crates/better-auth-rs-cli/src/lib.rs	todo	-	9dfceee14021fc15a2fb93023f39635f25b0b5ba
crates/better-auth-rs-cli/src/utils/check-package-managers.ts	189	crates/better-auth-rs-cli/src/utils/check_package_managers.rs	todo	-	9dfceee14021fc15a2fb93023f39635f25b0b5ba
crates/better-auth-rs-cli/src/utils/cloudflare-virtual-modules.ts	107	crates/better-auth-rs-cli/src/utils/cloudflare_virtual_modules.rs	todo	-	9dfceee14021fc15a2fb93023f39635f25b0b5ba
crates/better-auth-rs-cli/src/utils/config-paths.ts	63	crates/better-auth-rs-cli/src/utils/config_paths.rs	todo	-	9dfceee14021fc15a2fb93023f39635f25b0b5ba
crates/better-auth-rs-cli/src/utils/fetch-latest-version.ts	19	crates/better-auth-rs-cli/src/utils/fetch_latest_version.rs	todo	-	9dfceee14021fc15a2fb93023f39635f25b0b5ba
crates/better-auth-rs-cli/src/utils/get-config.ts	441	crates/better-auth-rs-cli/src/utils/get_config.rs	todo	-	9dfceee14021fc15a2fb93023f39635f25b0b5ba
crates/better-auth-rs-cli/src/utils/get-package-info.ts	131	crates/better-auth-rs-cli/src/utils/get_package_info.rs	todo	-	9dfceee14021fc15a2fb93023f39635f25b0b5ba
crates/better-auth-rs-cli/src/utils/helper.ts	48	crates/better-auth-rs-cli/src/utils/helper.rs	todo	-	9dfceee14021fc15a2fb93023f39635f25b0b5ba
crates/better-auth-rs-cli/src/utils/install-dependencies.ts	90	crates/better-auth-rs-cli/src/utils/install_dependencies.rs	todo	-	9dfceee14021fc15a2fb93023f39635f25b0b5ba
crates/better-auth-rs-cli/src/utils/sveltekit-virtual-modules.ts	247	crates/better-auth-rs-cli/src/utils/sveltekit_virtual_modules.rs	todo	-	9dfceee14021fc15a2fb93023f39635f25b0b5ba
crates/better-auth-rs-cli/src/utils/vite-virtual-modules.ts	80	crates/better-auth-rs-cli/src/utils/vite_virtual_modules.rs	todo	-	9dfceee14021fc15a2fb93023f39635f25b0b5ba
crates/better-auth-rs-core/src/api/index.ts	185	crates/better-auth-rs-core/src/api/mod.rs	building	medium	9dfceee14021fc15a2fb93023f39635f25b0b5ba
crates/better-auth-rs-core/src/async_hooks/index.ts	40	crates/better-auth-rs-core/src/async_hooks/mod.rs	todo	-	9dfceee14021fc15a2fb93023f39635f25b0b5ba
crates/better-auth-rs-core/src/async_hooks/pure.index.ts	46	crates/better-auth-rs-core/src/async_hooks/pure_index.rs	todo	-	9dfceee14021fc15a2fb93023f39635f25b0b5ba
crates/better-auth-rs-core/src/context/endpoint-context.ts	50	crates/better-auth-rs-core/src/context/endpoint_context.rs	todo	-	9dfceee14021fc15a2fb93023f39635f25b0b5ba
crates/better-auth-rs-core/src/context/global.ts	57	crates/better-auth-rs-core/src/context/global.rs	todo	-	9dfceee14021fc15a2fb93023f39635f25b0b5ba
crates/better-auth-rs-core/src/context/index.ts	23	crates/better-auth-rs-core/src/context/mod.rs	todo	-	9dfceee14021fc15a2fb93023f39635f25b0b5ba
crates/better-auth-rs-core/src/context/request-state.ts	91	crates/better-auth-rs-core/src/context/request_state.rs	todo	-	9dfceee14021fc15a2fb93023f39635f25b0b5ba
crates/better-auth-rs-core/src/context/transaction.ts	169	crates/better-auth-rs-core/src/context/transaction.rs	todo	-	9dfceee14021fc15a2fb93023f39635f25b0b5ba
crates/better-auth-rs-core/src/db/adapter/factory.ts	1740	crates/better-auth-rs-core/src/db/adapter/factory.rs	todo	-	9dfceee14021fc15a2fb93023f39635f25b0b5ba
crates/better-auth-rs-core/src/db/adapter/get-default-field-name.ts	59	crates/better-auth-rs-core/src/db/adapter/get_default_field_name.rs	done	high	9dfceee14021fc15a2fb93023f39635f25b0b5ba
crates/better-auth-rs-core/src/db/adapter/get-default-model-name.ts	51	crates/better-auth-rs-core/src/db/adapter/get_default_model_name.rs	done	high	9dfceee14021fc15a2fb93023f39635f25b0b5ba
crates/better-auth-rs-core/src/db/adapter/get-field-attributes.ts	62	crates/better-auth-rs-core/src/db/adapter/get_field_attributes.rs	todo	-	9dfceee14021fc15a2fb93023f39635f25b0b5ba
crates/better-auth-rs-core/src/db/adapter/get-field-name.ts	43	crates/better-auth-rs-core/src/db/adapter/get_field_name.rs	done	high	9dfceee14021fc15a2fb93023f39635f25b0b5ba
crates/better-auth-rs-core/src/db/adapter/get-id-field.ts	150	crates/better-auth-rs-core/src/db/adapter/get_id_field.rs	todo	-	9dfceee14021fc15a2fb93023f39635f25b0b5ba
crates/better-auth-rs-core/src/db/adapter/get-model-name.ts	36	crates/better-auth-rs-core/src/db/adapter/get_model_name.rs	done	high	9dfceee14021fc15a2fb93023f39635f25b0b5ba
crates/better-auth-rs-core/src/db/adapter/index.ts	656	crates/better-auth-rs-core/src/db/adapter/mod.rs	building	med	9dfceee14021fc15a2fb93023f39635f25b0b5ba
crates/better-auth-rs-core/src/db/adapter/types.ts	134	crates/better-auth-rs-core/src/db/adapter/types.rs	todo	-	9dfceee14021fc15a2fb93023f39635f25b0b5ba
crates/better-auth-rs-core/src/db/adapter/utils.ts	61	crates/better-auth-rs-core/src/db/adapter/utils.rs	done	high	9dfceee14021fc15a2fb93023f39635f25b0b5ba
crates/better-auth-rs-core/src/db/get-tables.ts	304	crates/better-auth-rs-core/src/db/get_tables.rs	todo	-	9dfceee14021fc15a2fb93023f39635f25b0b5ba
crates/better-auth-rs-core/src/db/index.ts	43	crates/better-auth-rs-core/src/db/mod.rs	todo	-	9dfceee14021fc15a2fb93023f39635f25b0b5ba
crates/better-auth-rs-core/src/db/plugin.ts	11	crates/better-auth-rs-core/src/db/plugin.rs	done	high	9dfceee14021fc15a2fb93023f39635f25b0b5ba
crates/better-auth-rs-core/src/db/schema/account.ts	47	crates/better-auth-rs-core/src/db/schema/account.rs	done	high	9dfceee14021fc15a2fb93023f39635f25b0b5ba
crates/better-auth-rs-core/src/db/schema/rate-limit.ts	36	crates/better-auth-rs-core/src/db/schema/rate_limit.rs	done	high	9dfceee14021fc15a2fb93023f39635f25b0b5ba
crates/better-auth-rs-core/src/db/schema/session.ts	29	crates/better-auth-rs-core/src/db/schema/session.rs	done	high	9dfceee14021fc15a2fb93023f39635f25b0b5ba
crates/better-auth-rs-core/src/db/schema/shared.ts	7	crates/better-auth-rs-core/src/db/schema/shared.rs	done	high	9dfceee14021fc15a2fb93023f39635f25b0b5ba
crates/better-auth-rs-core/src/db/schema/user.ts	31	crates/better-auth-rs-core/src/db/schema/user.rs	done	high	9dfceee14021fc15a2fb93023f39635f25b0b5ba
crates/better-auth-rs-core/src/db/schema/verification.ts	28	crates/better-auth-rs-core/src/db/schema/verification.rs	done	high	9dfceee14021fc15a2fb93023f39635f25b0b5ba
crates/better-auth-rs-core/src/db/type.ts	360	crates/better-auth-rs-core/src/db/types.rs	done	high	9dfceee14021fc15a2fb93023f39635f25b0b5ba
crates/better-auth-rs-core/src/env/color-depth.ts	172	crates/better-auth-rs-core/src/env/color_depth.rs	todo	-	9dfceee14021fc15a2fb93023f39635f25b0b5ba
crates/better-auth-rs-core/src/env/env-impl.ts	123	crates/better-auth-rs-core/src/env/env_impl.rs	todo	-	9dfceee14021fc15a2fb93023f39635f25b0b5ba
crates/better-auth-rs-core/src/env/index.ts	23	crates/better-auth-rs-core/src/env/mod.rs	building	med	9dfceee14021fc15a2fb93023f39635f25b0b5ba
crates/better-auth-rs-core/src/env/logger.ts	145	crates/better-auth-rs-core/src/env/logger.rs	done	high	9dfceee14021fc15a2fb93023f39635f25b0b5ba
crates/better-auth-rs-core/src/error/codes.ts	72	crates/better-auth-rs-core/src/error/codes.rs	done	high	9dfceee14021fc15a2fb93023f39635f25b0b5ba
crates/better-auth-rs-core/src/error/index.ts	44	crates/better-auth-rs-core/src/error/mod.rs	done	high	9dfceee14021fc15a2fb93023f39635f25b0b5ba
crates/better-auth-rs-core/src/index.ts	1	crates/better-auth-rs-core/src/lib.rs	todo	-	9dfceee14021fc15a2fb93023f39635f25b0b5ba
crates/better-auth-rs-core/src/instrumentation/api.ts	17	crates/better-auth-rs-core/src/instrumentation/api.rs	todo	-	9dfceee14021fc15a2fb93023f39635f25b0b5ba
crates/better-auth-rs-core/src/instrumentation/attributes.ts	22	crates/better-auth-rs-core/src/instrumentation/attributes.rs	todo	-	9dfceee14021fc15a2fb93023f39635f25b0b5ba
crates/better-auth-rs-core/src/instrumentation/index.ts	2	crates/better-auth-rs-core/src/instrumentation/mod.rs	todo	-	9dfceee14021fc15a2fb93023f39635f25b0b5ba
crates/better-auth-rs-core/src/instrumentation/noop.ts	74	crates/better-auth-rs-core/src/instrumentation/noop.rs	todo	-	9dfceee14021fc15a2fb93023f39635f25b0b5ba
crates/better-auth-rs-core/src/instrumentation/pure.index.ts	31	crates/better-auth-rs-core/src/instrumentation/pure_index.rs	todo	-	9dfceee14021fc15a2fb93023f39635f25b0b5ba
crates/better-auth-rs-core/src/instrumentation/tracer.ts	95	crates/better-auth-rs-core/src/instrumentation/tracer.rs	todo	-	9dfceee14021fc15a2fb93023f39635f25b0b5ba
crates/better-auth-rs-core/src/oauth2/client-credentials-token.ts	126	crates/better-auth-rs-core/src/oauth2/client_credentials_token.rs	todo	-	9dfceee14021fc15a2fb93023f39635f25b0b5ba
crates/better-auth-rs-core/src/oauth2/create-authorization-url.ts	89	crates/better-auth-rs-core/src/oauth2/create_authorization_url.rs	todo	-	9dfceee14021fc15a2fb93023f39635f25b0b5ba
crates/better-auth-rs-core/src/oauth2/index.ts	34	crates/better-auth-rs-core/src/oauth2/mod.rs	todo	-	9dfceee14021fc15a2fb93023f39635f25b0b5ba
crates/better-auth-rs-core/src/oauth2/oauth-provider.ts	222	crates/better-auth-rs-core/src/oauth2/oauth_provider.rs	building	med	9dfceee14021fc15a2fb93023f39635f25b0b5ba
crates/better-auth-rs-core/src/oauth2/refresh-access-token.ts	157	crates/better-auth-rs-core/src/oauth2/refresh_access_token.rs	todo	-	9dfceee14021fc15a2fb93023f39635f25b0b5ba
crates/better-auth-rs-core/src/oauth2/reject-redirects.ts	70	crates/better-auth-rs-core/src/oauth2/reject_redirects.rs	todo	-	9dfceee14021fc15a2fb93023f39635f25b0b5ba
crates/better-auth-rs-core/src/oauth2/utils.ts	70	crates/better-auth-rs-core/src/oauth2/utils.rs	todo	-	9dfceee14021fc15a2fb93023f39635f25b0b5ba
crates/better-auth-rs-core/src/oauth2/validate-authorization-code.ts	190	crates/better-auth-rs-core/src/oauth2/validate_authorization_code.rs	todo	-	9dfceee14021fc15a2fb93023f39635f25b0b5ba
crates/better-auth-rs-core/src/oauth2/verify.ts	408	crates/better-auth-rs-core/src/oauth2/verify.rs	todo	-	9dfceee14021fc15a2fb93023f39635f25b0b5ba
crates/better-auth-rs-core/src/social_providers/apple.ts	249	crates/better-auth-rs-core/src/social_providers/apple.rs	todo	-	9dfceee14021fc15a2fb93023f39635f25b0b5ba
crates/better-auth-rs-core/src/social_providers/atlassian.ts	133	crates/better-auth-rs-core/src/social_providers/atlassian.rs	todo	-	9dfceee14021fc15a2fb93023f39635f25b0b5ba
crates/better-auth-rs-core/src/social_providers/cognito.ts	281	crates/better-auth-rs-core/src/social_providers/cognito.rs	todo	-	9dfceee14021fc15a2fb93023f39635f25b0b5ba
crates/better-auth-rs-core/src/social_providers/discord.ts	170	crates/better-auth-rs-core/src/social_providers/discord.rs	todo	-	9dfceee14021fc15a2fb93023f39635f25b0b5ba
crates/better-auth-rs-core/src/social_providers/dropbox.ts	112	crates/better-auth-rs-core/src/social_providers/dropbox.rs	todo	-	9dfceee14021fc15a2fb93023f39635f25b0b5ba
crates/better-auth-rs-core/src/social_providers/facebook.ts	288	crates/better-auth-rs-core/src/social_providers/facebook.rs	todo	-	9dfceee14021fc15a2fb93023f39635f25b0b5ba
crates/better-auth-rs-core/src/social_providers/figma.ts	118	crates/better-auth-rs-core/src/social_providers/figma.rs	todo	-	9dfceee14021fc15a2fb93023f39635f25b0b5ba
crates/better-auth-rs-core/src/social_providers/github.ts	184	crates/better-auth-rs-core/src/social_providers/github.rs	todo	-	9dfceee14021fc15a2fb93023f39635f25b0b5ba
crates/better-auth-rs-core/src/social_providers/gitlab.ts	155	crates/better-auth-rs-core/src/social_providers/gitlab.rs	todo	-	9dfceee14021fc15a2fb93023f39635f25b0b5ba
crates/better-auth-rs-core/src/social_providers/google.ts	263	crates/better-auth-rs-core/src/social_providers/google.rs	todo	-	9dfceee14021fc15a2fb93023f39635f25b0b5ba
crates/better-auth-rs-core/src/social_providers/huggingface.ts	119	crates/better-auth-rs-core/src/social_providers/huggingface.rs	todo	-	9dfceee14021fc15a2fb93023f39635f25b0b5ba
crates/better-auth-rs-core/src/social_providers/index.ts	132	crates/better-auth-rs-core/src/social_providers/mod.rs	todo	-	9dfceee14021fc15a2fb93023f39635f25b0b5ba
crates/better-auth-rs-core/src/social_providers/kakao.ts	179	crates/better-auth-rs-core/src/social_providers/kakao.rs	todo	-	9dfceee14021fc15a2fb93023f39635f25b0b5ba
crates/better-auth-rs-core/src/social_providers/kick.ts	109	crates/better-auth-rs-core/src/social_providers/kick.rs	todo	-	9dfceee14021fc15a2fb93023f39635f25b0b5ba
crates/better-auth-rs-core/src/social_providers/line.ts	169	crates/better-auth-rs-core/src/social_providers/line.rs	todo	-	9dfceee14021fc15a2fb93023f39635f25b0b5ba
crates/better-auth-rs-core/src/social_providers/linear.ts	121	crates/better-auth-rs-core/src/social_providers/linear.rs	todo	-	9dfceee14021fc15a2fb93023f39635f25b0b5ba
crates/better-auth-rs-core/src/social_providers/linkedin.ts	110	crates/better-auth-rs-core/src/social_providers/linkedin.rs	todo	-	9dfceee14021fc15a2fb93023f39635f25b0b5ba
crates/better-auth-rs-core/src/social_providers/microsoft-entra-id.ts	391	crates/better-auth-rs-core/src/social_providers/microsoft_entra_id.rs	todo	-	9dfceee14021fc15a2fb93023f39635f25b0b5ba
crates/better-auth-rs-core/src/social_providers/naver.ts	113	crates/better-auth-rs-core/src/social_providers/naver.rs	todo	-	9dfceee14021fc15a2fb93023f39635f25b0b5ba
crates/better-auth-rs-core/src/social_providers/notion.ts	108	crates/better-auth-rs-core/src/social_providers/notion.rs	todo	-	9dfceee14021fc15a2fb93023f39635f25b0b5ba
crates/better-auth-rs-core/src/social_providers/paybin.ts	118	crates/better-auth-rs-core/src/social_providers/paybin.rs	todo	-	9dfceee14021fc15a2fb93023f39635f25b0b5ba
crates/better-auth-rs-core/src/social_providers/paypal.ts	371	crates/better-auth-rs-core/src/social_providers/paypal.rs	todo	-	9dfceee14021fc15a2fb93023f39635f25b0b5ba
crates/better-auth-rs-core/src/social_providers/polar.ts	111	crates/better-auth-rs-core/src/social_providers/polar.rs	todo	-	9dfceee14021fc15a2fb93023f39635f25b0b5ba
crates/better-auth-rs-core/src/social_providers/railway.ts	100	crates/better-auth-rs-core/src/social_providers/railway.rs	todo	-	9dfceee14021fc15a2fb93023f39635f25b0b5ba
crates/better-auth-rs-core/src/social_providers/reddit.ts	126	crates/better-auth-rs-core/src/social_providers/reddit.rs	todo	-	9dfceee14021fc15a2fb93023f39635f25b0b5ba
crates/better-auth-rs-core/src/social_providers/roblox.ts	112	crates/better-auth-rs-core/src/social_providers/roblox.rs	todo	-	9dfceee14021fc15a2fb93023f39635f25b0b5ba
crates/better-auth-rs-core/src/social_providers/salesforce.ts	159	crates/better-auth-rs-core/src/social_providers/salesforce.rs	todo	-	9dfceee14021fc15a2fb93023f39635f25b0b5ba
crates/better-auth-rs-core/src/social_providers/slack.ts	112	crates/better-auth-rs-core/src/social_providers/slack.rs	todo	-	9dfceee14021fc15a2fb93023f39635f25b0b5ba
crates/better-auth-rs-core/src/social_providers/spotify.ts	94	crates/better-auth-rs-core/src/social_providers/spotify.rs	todo	-	9dfceee14021fc15a2fb93023f39635f25b0b5ba
crates/better-auth-rs-core/src/social_providers/tiktok.ts	211	crates/better-auth-rs-core/src/social_providers/tiktok.rs	todo	-	9dfceee14021fc15a2fb93023f39635f25b0b5ba
crates/better-auth-rs-core/src/social_providers/twitch.ts	112	crates/better-auth-rs-core/src/social_providers/twitch.rs	todo	-	9dfceee14021fc15a2fb93023f39635f25b0b5ba
crates/better-auth-rs-core/src/social_providers/twitter.ts	199	crates/better-auth-rs-core/src/social_providers/twitter.rs	todo	-	9dfceee14021fc15a2fb93023f39635f25b0b5ba
crates/better-auth-rs-core/src/social_providers/vercel.ts	87	crates/better-auth-rs-core/src/social_providers/vercel.rs	todo	-	9dfceee14021fc15a2fb93023f39635f25b0b5ba
crates/better-auth-rs-core/src/social_providers/vk.ts	125	crates/better-auth-rs-core/src/social_providers/vk.rs	todo	-	9dfceee14021fc15a2fb93023f39635f25b0b5ba
crates/better-auth-rs-core/src/social_providers/wechat.ts	220	crates/better-auth-rs-core/src/social_providers/wechat.rs	todo	-	9dfceee14021fc15a2fb93023f39635f25b0b5ba
crates/better-auth-rs-core/src/social_providers/zoom.ts	230	crates/better-auth-rs-core/src/social_providers/zoom.rs	todo	-	9dfceee14021fc15a2fb93023f39635f25b0b5ba
crates/better-auth-rs-core/src/types/context.ts	460	crates/better-auth-rs-core/src/types/context.rs	building	high	9dfceee14021fc15a2fb93023f39635f25b0b5ba
crates/better-auth-rs-core/src/types/cookie.ts	10	crates/better-auth-rs-core/src/types/cookie.rs	done	high	9dfceee14021fc15a2fb93023f39635f25b0b5ba
crates/better-auth-rs-core/src/types/helper.ts	27	crates/better-auth-rs-core/src/types/helper.rs	done	high	9dfceee14021fc15a2fb93023f39635f25b0b5ba
crates/better-auth-rs-core/src/types/index.ts	40	crates/better-auth-rs-core/src/types/mod.rs	todo	-	9dfceee14021fc15a2fb93023f39635f25b0b5ba
crates/better-auth-rs-core/src/types/init-options.ts	1679	crates/better-auth-rs-core/src/types/init_options.rs	done	high	9dfceee14021fc15a2fb93023f39635f25b0b5ba
crates/better-auth-rs-core/src/types/plugin-client.ts	143	crates/better-auth-rs-core/src/types/plugin_client.rs	todo	-	9dfceee14021fc15a2fb93023f39635f25b0b5ba
crates/better-auth-rs-core/src/types/plugin.ts	163	crates/better-auth-rs-core/src/types/plugin.rs	building	high	9dfceee14021fc15a2fb93023f39635f25b0b5ba
crates/better-auth-rs-core/src/types/secret.ts	8	crates/better-auth-rs-core/src/types/secret.rs	done	high	9dfceee14021fc15a2fb93023f39635f25b0b5ba
crates/better-auth-rs-core/src/utils/async.ts	53	crates/better-auth-rs-core/src/utils/async.rs	todo	-	9dfceee14021fc15a2fb93023f39635f25b0b5ba
crates/better-auth-rs-core/src/utils/db.ts	20	crates/better-auth-rs-core/src/utils/db.rs	todo	-	9dfceee14021fc15a2fb93023f39635f25b0b5ba
crates/better-auth-rs-core/src/utils/deprecate.ts	21	crates/better-auth-rs-core/src/utils/deprecate.rs	todo	-	9dfceee14021fc15a2fb93023f39635f25b0b5ba
crates/better-auth-rs-core/src/utils/error-codes.ts	68	crates/better-auth-rs-core/src/utils/error_codes.rs	done	high	9dfceee14021fc15a2fb93023f39635f25b0b5ba
crates/better-auth-rs-core/src/utils/fetch-metadata.ts	3	crates/better-auth-rs-core/src/utils/fetch_metadata.rs	todo	-	9dfceee14021fc15a2fb93023f39635f25b0b5ba
crates/better-auth-rs-core/src/utils/host.ts	416	crates/better-auth-rs-core/src/utils/host.rs	todo	-	9dfceee14021fc15a2fb93023f39635f25b0b5ba
crates/better-auth-rs-core/src/utils/id.ts	5	crates/better-auth-rs-core/src/utils/id.rs	done	high	9dfceee14021fc15a2fb93023f39635f25b0b5ba
crates/better-auth-rs-core/src/utils/ip.ts	395	crates/better-auth-rs-core/src/utils/ip.rs	todo	-	9dfceee14021fc15a2fb93023f39635f25b0b5ba
crates/better-auth-rs-core/src/utils/is-api-error.ts	10	crates/better-auth-rs-core/src/utils/is_api_error.rs	todo	-	9dfceee14021fc15a2fb93023f39635f25b0b5ba
crates/better-auth-rs-core/src/utils/json.ts	56	crates/better-auth-rs-core/src/utils/json.rs	todo	-	9dfceee14021fc15a2fb93023f39635f25b0b5ba
crates/better-auth-rs-core/src/utils/redirect-uri.ts	54	crates/better-auth-rs-core/src/utils/redirect_uri.rs	todo	-	9dfceee14021fc15a2fb93023f39635f25b0b5ba
crates/better-auth-rs-core/src/utils/string.ts	40	crates/better-auth-rs-core/src/utils/string.rs	todo	-	9dfceee14021fc15a2fb93023f39635f25b0b5ba
crates/better-auth-rs-core/src/utils/url.ts	77	crates/better-auth-rs-core/src/utils/url.rs	todo	-	9dfceee14021fc15a2fb93023f39635f25b0b5ba
crates/better-auth-rs-memory-adapter/src/index.ts	5	crates/better-auth-rs-memory-adapter/src/lib.rs	todo	-	9dfceee14021fc15a2fb93023f39635f25b0b5ba
crates/better-auth-rs-memory-adapter/src/memory-adapter.ts	575	crates/better-auth-rs-memory-adapter/src/memory_adapter.rs	todo	-	9dfceee14021fc15a2fb93023f39635f25b0b5ba
crates/better-auth-rs-memory-adapter/src/query-builders.ts	55	crates/better-auth-rs-memory-adapter/src/query_builders.rs	todo	-	9dfceee14021fc15a2fb93023f39635f25b0b5ba
crates/better-auth-rs-oauth-provider/src/authorize.ts	676	crates/better-auth-rs-oauth-provider/src/authorize.rs	todo	-	9dfceee14021fc15a2fb93023f39635f25b0b5ba
crates/better-auth-rs-oauth-provider/src/client-resource.ts	305	crates/better-auth-rs-oauth-provider/src/client_resource.rs	todo	-	9dfceee14021fc15a2fb93023f39635f25b0b5ba
crates/better-auth-rs-oauth-provider/src/client.ts	43	crates/better-auth-rs-oauth-provider/src/client.rs	todo	-	9dfceee14021fc15a2fb93023f39635f25b0b5ba
crates/better-auth-rs-oauth-provider/src/consent.ts	167	crates/better-auth-rs-oauth-provider/src/consent.rs	todo	-	9dfceee14021fc15a2fb93023f39635f25b0b5ba
crates/better-auth-rs-oauth-provider/src/continue.ts	101	crates/better-auth-rs-oauth-provider/src/continue.rs	todo	-	9dfceee14021fc15a2fb93023f39635f25b0b5ba
crates/better-auth-rs-oauth-provider/src/index.ts	9	crates/better-auth-rs-oauth-provider/src/lib.rs	todo	-	9dfceee14021fc15a2fb93023f39635f25b0b5ba
crates/better-auth-rs-oauth-provider/src/introspect.ts	522	crates/better-auth-rs-oauth-provider/src/introspect.rs	todo	-	9dfceee14021fc15a2fb93023f39635f25b0b5ba
crates/better-auth-rs-oauth-provider/src/logout.ts	193	crates/better-auth-rs-oauth-provider/src/logout.rs	todo	-	9dfceee14021fc15a2fb93023f39635f25b0b5ba
crates/better-auth-rs-oauth-provider/src/mcp.ts	103	crates/better-auth-rs-oauth-provider/src/mcp.rs	todo	-	9dfceee14021fc15a2fb93023f39635f25b0b5ba
crates/better-auth-rs-oauth-provider/src/metadata.ts	186	crates/better-auth-rs-oauth-provider/src/metadata.rs	todo	-	9dfceee14021fc15a2fb93023f39635f25b0b5ba
crates/better-auth-rs-oauth-provider/src/middleware/index.ts	17	crates/better-auth-rs-oauth-provider/src/middleware/mod.rs	todo	-	9dfceee14021fc15a2fb93023f39635f25b0b5ba
crates/better-auth-rs-oauth-provider/src/oauth.ts	1555	crates/better-auth-rs-oauth-provider/src/oauth.rs	todo	-	9dfceee14021fc15a2fb93023f39635f25b0b5ba
crates/better-auth-rs-oauth-provider/src/oauthClient/endpoints.ts	321	crates/better-auth-rs-oauth-provider/src/oauthClient/endpoints.rs	todo	-	9dfceee14021fc15a2fb93023f39635f25b0b5ba
crates/better-auth-rs-oauth-provider/src/oauthClient/index.ts	642	crates/better-auth-rs-oauth-provider/src/oauthClient/mod.rs	todo	-	9dfceee14021fc15a2fb93023f39635f25b0b5ba
crates/better-auth-rs-oauth-provider/src/oauthClient/privileges.ts	35	crates/better-auth-rs-oauth-provider/src/oauthClient/privileges.rs	todo	-	9dfceee14021fc15a2fb93023f39635f25b0b5ba
crates/better-auth-rs-oauth-provider/src/oauthConsent/endpoints.ts	162	crates/better-auth-rs-oauth-provider/src/oauthConsent/endpoints.rs	todo	-	9dfceee14021fc15a2fb93023f39635f25b0b5ba
crates/better-auth-rs-oauth-provider/src/oauthConsent/index.ts	89	crates/better-auth-rs-oauth-provider/src/oauthConsent/mod.rs	todo	-	9dfceee14021fc15a2fb93023f39635f25b0b5ba
crates/better-auth-rs-oauth-provider/src/register.ts	500	crates/better-auth-rs-oauth-provider/src/register.rs	todo	-	9dfceee14021fc15a2fb93023f39635f25b0b5ba
crates/better-auth-rs-oauth-provider/src/revoke.ts	355	crates/better-auth-rs-oauth-provider/src/revoke.rs	todo	-	9dfceee14021fc15a2fb93023f39635f25b0b5ba
crates/better-auth-rs-oauth-provider/src/schema.ts	319	crates/better-auth-rs-oauth-provider/src/schema.rs	todo	-	9dfceee14021fc15a2fb93023f39635f25b0b5ba
crates/better-auth-rs-oauth-provider/src/signed-query.ts	71	crates/better-auth-rs-oauth-provider/src/signed_query.rs	todo	-	9dfceee14021fc15a2fb93023f39635f25b0b5ba
crates/better-auth-rs-oauth-provider/src/token.ts	1128	crates/better-auth-rs-oauth-provider/src/token.rs	todo	-	9dfceee14021fc15a2fb93023f39635f25b0b5ba
crates/better-auth-rs-oauth-provider/src/types/helpers.ts	1	crates/better-auth-rs-oauth-provider/src/types/helpers.rs	todo	-	9dfceee14021fc15a2fb93023f39635f25b0b5ba
crates/better-auth-rs-oauth-provider/src/types/index.ts	1080	crates/better-auth-rs-oauth-provider/src/types/mod.rs	todo	-	9dfceee14021fc15a2fb93023f39635f25b0b5ba
crates/better-auth-rs-oauth-provider/src/types/oauth.ts	361	crates/better-auth-rs-oauth-provider/src/types/oauth.rs	todo	-	9dfceee14021fc15a2fb93023f39635f25b0b5ba
crates/better-auth-rs-oauth-provider/src/types/zod.ts	48	crates/better-auth-rs-oauth-provider/src/types/zod.rs	todo	-	9dfceee14021fc15a2fb93023f39635f25b0b5ba
crates/better-auth-rs-oauth-provider/src/userinfo.ts	100	crates/better-auth-rs-oauth-provider/src/userinfo.rs	todo	-	9dfceee14021fc15a2fb93023f39635f25b0b5ba
crates/better-auth-rs-oauth-provider/src/utils/index.ts	684	crates/better-auth-rs-oauth-provider/src/utils/mod.rs	todo	-	9dfceee14021fc15a2fb93023f39635f25b0b5ba
crates/better-auth-rs-oauth-provider/src/version.ts	3	crates/better-auth-rs-oauth-provider/src/version.rs	todo	-	9dfceee14021fc15a2fb93023f39635f25b0b5ba
crates/better-auth-rs-passkey/src/authenticator-metadata.ts	62	crates/better-auth-rs-passkey/src/authenticator_metadata.rs	todo	-	9dfceee14021fc15a2fb93023f39635f25b0b5ba
crates/better-auth-rs-passkey/src/client.ts	357	crates/better-auth-rs-passkey/src/client.rs	todo	-	9dfceee14021fc15a2fb93023f39635f25b0b5ba
crates/better-auth-rs-passkey/src/error-codes.ts	20	crates/better-auth-rs-passkey/src/error_codes.rs	todo	-	9dfceee14021fc15a2fb93023f39635f25b0b5ba
crates/better-auth-rs-passkey/src/index.ts	67	crates/better-auth-rs-passkey/src/lib.rs	todo	-	9dfceee14021fc15a2fb93023f39635f25b0b5ba
crates/better-auth-rs-passkey/src/routes.ts	1139	crates/better-auth-rs-passkey/src/routes.rs	todo	-	9dfceee14021fc15a2fb93023f39635f25b0b5ba
crates/better-auth-rs-passkey/src/schema.ts	54	crates/better-auth-rs-passkey/src/schema.rs	todo	-	9dfceee14021fc15a2fb93023f39635f25b0b5ba
crates/better-auth-rs-passkey/src/types.ts	166	crates/better-auth-rs-passkey/src/types.rs	todo	-	9dfceee14021fc15a2fb93023f39635f25b0b5ba
crates/better-auth-rs-passkey/src/utils.ts	7	crates/better-auth-rs-passkey/src/utils.rs	todo	-	9dfceee14021fc15a2fb93023f39635f25b0b5ba
crates/better-auth-rs-passkey/src/version.ts	3	crates/better-auth-rs-passkey/src/version.rs	todo	-	9dfceee14021fc15a2fb93023f39635f25b0b5ba
crates/better-auth-rs-redis-storage/src/index.ts	1	crates/better-auth-rs-redis-storage/src/lib.rs	todo	-	9dfceee14021fc15a2fb93023f39635f25b0b5ba
crates/better-auth-rs-redis-storage/src/redis-storage.ts	117	crates/better-auth-rs-redis-storage/src/redis_storage.rs	todo	-	9dfceee14021fc15a2fb93023f39635f25b0b5ba
crates/better-auth-rs-scim/src/client.ts	11	crates/better-auth-rs-scim/src/client.rs	todo	-	9dfceee14021fc15a2fb93023f39635f25b0b5ba
crates/better-auth-rs-scim/src/index.ts	96	crates/better-auth-rs-scim/src/lib.rs	todo	-	9dfceee14021fc15a2fb93023f39635f25b0b5ba
crates/better-auth-rs-scim/src/mappings.ts	38	crates/better-auth-rs-scim/src/mappings.rs	todo	-	9dfceee14021fc15a2fb93023f39635f25b0b5ba
crates/better-auth-rs-scim/src/middlewares.ts	90	crates/better-auth-rs-scim/src/middlewares.rs	todo	-	9dfceee14021fc15a2fb93023f39635f25b0b5ba
crates/better-auth-rs-scim/src/patch-operations.ts	156	crates/better-auth-rs-scim/src/patch_operations.rs	todo	-	9dfceee14021fc15a2fb93023f39635f25b0b5ba
crates/better-auth-rs-scim/src/routes.ts	1716	crates/better-auth-rs-scim/src/routes.rs	todo	-	9dfceee14021fc15a2fb93023f39635f25b0b5ba
crates/better-auth-rs-scim/src/scim-error.ts	99	crates/better-auth-rs-scim/src/scim_error.rs	todo	-	9dfceee14021fc15a2fb93023f39635f25b0b5ba
crates/better-auth-rs-scim/src/scim-filters.ts	69	crates/better-auth-rs-scim/src/scim_filters.rs	todo	-	9dfceee14021fc15a2fb93023f39635f25b0b5ba
crates/better-auth-rs-scim/src/scim-metadata.ts	128	crates/better-auth-rs-scim/src/scim_metadata.rs	todo	-	9dfceee14021fc15a2fb93023f39635f25b0b5ba
crates/better-auth-rs-scim/src/scim-resources.ts	37	crates/better-auth-rs-scim/src/scim_resources.rs	todo	-	9dfceee14021fc15a2fb93023f39635f25b0b5ba
crates/better-auth-rs-scim/src/scim-tokens.ts	84	crates/better-auth-rs-scim/src/scim_tokens.rs	todo	-	9dfceee14021fc15a2fb93023f39635f25b0b5ba
crates/better-auth-rs-scim/src/types.ts	129	crates/better-auth-rs-scim/src/types.rs	todo	-	9dfceee14021fc15a2fb93023f39635f25b0b5ba
crates/better-auth-rs-scim/src/user-schemas.ts	216	crates/better-auth-rs-scim/src/user_schemas.rs	todo	-	9dfceee14021fc15a2fb93023f39635f25b0b5ba
crates/better-auth-rs-scim/src/utils.ts	5	crates/better-auth-rs-scim/src/utils.rs	todo	-	9dfceee14021fc15a2fb93023f39635f25b0b5ba
crates/better-auth-rs-scim/src/version.ts	3	crates/better-auth-rs-scim/src/version.rs	todo	-	9dfceee14021fc15a2fb93023f39635f25b0b5ba
crates/better-auth-rs-sso/src/client.ts	31	crates/better-auth-rs-sso/src/client.rs	todo	-	9dfceee14021fc15a2fb93023f39635f25b0b5ba
crates/better-auth-rs-sso/src/constants.ts	79	crates/better-auth-rs-sso/src/constants.rs	todo	-	9dfceee14021fc15a2fb93023f39635f25b0b5ba
crates/better-auth-rs-sso/src/index.ts	311	crates/better-auth-rs-sso/src/lib.rs	todo	-	9dfceee14021fc15a2fb93023f39635f25b0b5ba
crates/better-auth-rs-sso/src/linking/index.ts	2	crates/better-auth-rs-sso/src/linking/mod.rs	todo	-	9dfceee14021fc15a2fb93023f39635f25b0b5ba
crates/better-auth-rs-sso/src/linking/org-assignment.ts	176	crates/better-auth-rs-sso/src/linking/org_assignment.rs	todo	-	9dfceee14021fc15a2fb93023f39635f25b0b5ba
crates/better-auth-rs-sso/src/linking/types.ts	10	crates/better-auth-rs-sso/src/linking/types.rs	todo	-	9dfceee14021fc15a2fb93023f39635f25b0b5ba
crates/better-auth-rs-sso/src/oidc/discovery.ts	701	crates/better-auth-rs-sso/src/oidc/discovery.rs	todo	-	9dfceee14021fc15a2fb93023f39635f25b0b5ba
crates/better-auth-rs-sso/src/oidc/errors.ts	100	crates/better-auth-rs-sso/src/oidc/errors.rs	todo	-	9dfceee14021fc15a2fb93023f39635f25b0b5ba
crates/better-auth-rs-sso/src/oidc/index.ts	33	crates/better-auth-rs-sso/src/oidc/mod.rs	todo	-	9dfceee14021fc15a2fb93023f39635f25b0b5ba
crates/better-auth-rs-sso/src/oidc/types.ts	221	crates/better-auth-rs-sso/src/oidc/types.rs	todo	-	9dfceee14021fc15a2fb93023f39635f25b0b5ba
crates/better-auth-rs-sso/src/routes/domain-verification.ts	229	crates/better-auth-rs-sso/src/routes/domain_verification.rs	todo	-	9dfceee14021fc15a2fb93023f39635f25b0b5ba
crates/better-auth-rs-sso/src/routes/helpers.ts	174	crates/better-auth-rs-sso/src/routes/helpers.rs	todo	-	9dfceee14021fc15a2fb93023f39635f25b0b5ba
crates/better-auth-rs-sso/src/routes/providers.ts	706	crates/better-auth-rs-sso/src/routes/providers.rs	todo	-	9dfceee14021fc15a2fb93023f39635f25b0b5ba
crates/better-auth-rs-sso/src/routes/saml-pipeline.ts	667	crates/better-auth-rs-sso/src/routes/saml_pipeline.rs	todo	-	9dfceee14021fc15a2fb93023f39635f25b0b5ba
crates/better-auth-rs-sso/src/routes/schemas.ts	96	crates/better-auth-rs-sso/src/routes/schemas.rs	todo	-	9dfceee14021fc15a2fb93023f39635f25b0b5ba
crates/better-auth-rs-sso/src/routes/sso.ts	2451	crates/better-auth-rs-sso/src/routes/sso.rs	todo	-	9dfceee14021fc15a2fb93023f39635f25b0b5ba
crates/better-auth-rs-sso/src/saml/algorithms.ts	338	crates/better-auth-rs-sso/src/saml/algorithms.rs	todo	-	9dfceee14021fc15a2fb93023f39635f25b0b5ba
crates/better-auth-rs-sso/src/saml/assertions.ts	63	crates/better-auth-rs-sso/src/saml/assertions.rs	todo	-	9dfceee14021fc15a2fb93023f39635f25b0b5ba
crates/better-auth-rs-sso/src/saml/error-codes.ts	11	crates/better-auth-rs-sso/src/saml/error_codes.rs	todo	-	9dfceee14021fc15a2fb93023f39635f25b0b5ba
crates/better-auth-rs-sso/src/saml/index.ts	18	crates/better-auth-rs-sso/src/saml/mod.rs	todo	-	9dfceee14021fc15a2fb93023f39635f25b0b5ba
crates/better-auth-rs-sso/src/saml/parser.ts	56	crates/better-auth-rs-sso/src/saml/parser.rs	todo	-	9dfceee14021fc15a2fb93023f39635f25b0b5ba
crates/better-auth-rs-sso/src/saml/response-binding.ts	227	crates/better-auth-rs-sso/src/saml/response_binding.rs	todo	-	9dfceee14021fc15a2fb93023f39635f25b0b5ba
crates/better-auth-rs-sso/src/saml/timestamp.ts	78	crates/better-auth-rs-sso/src/saml/timestamp.rs	todo	-	9dfceee14021fc15a2fb93023f39635f25b0b5ba
crates/better-auth-rs-sso/src/saml-state.ts	83	crates/better-auth-rs-sso/src/saml_state.rs	todo	-	9dfceee14021fc15a2fb93023f39635f25b0b5ba
crates/better-auth-rs-sso/src/samlify.ts	13	crates/better-auth-rs-sso/src/samlify.rs	todo	-	9dfceee14021fc15a2fb93023f39635f25b0b5ba
crates/better-auth-rs-sso/src/types.ts	437	crates/better-auth-rs-sso/src/types.rs	todo	-	9dfceee14021fc15a2fb93023f39635f25b0b5ba
crates/better-auth-rs-sso/src/utils.ts	143	crates/better-auth-rs-sso/src/utils.rs	todo	-	9dfceee14021fc15a2fb93023f39635f25b0b5ba
crates/better-auth-rs-sso/src/version.ts	3	crates/better-auth-rs-sso/src/version.rs	todo	-	9dfceee14021fc15a2fb93023f39635f25b0b5ba
crates/better-auth-rs-telemetry/src/detectors/detect-auth-config.ts	206	crates/better-auth-rs-telemetry/src/detectors/detect_auth_config.rs	todo	-	9dfceee14021fc15a2fb93023f39635f25b0b5ba
crates/better-auth-rs-telemetry/src/detectors/detect-database.ts	22	crates/better-auth-rs-telemetry/src/detectors/detect_database.rs	todo	-	9dfceee14021fc15a2fb93023f39635f25b0b5ba
crates/better-auth-rs-telemetry/src/detectors/detect-framework.ts	23	crates/better-auth-rs-telemetry/src/detectors/detect_framework.rs	todo	-	9dfceee14021fc15a2fb93023f39635f25b0b5ba
crates/better-auth-rs-telemetry/src/detectors/detect-project-info.ts	18	crates/better-auth-rs-telemetry/src/detectors/detect_project_info.rs	todo	-	9dfceee14021fc15a2fb93023f39635f25b0b5ba
crates/better-auth-rs-telemetry/src/detectors/detect-runtime.ts	31	crates/better-auth-rs-telemetry/src/detectors/detect_runtime.rs	todo	-	9dfceee14021fc15a2fb93023f39635f25b0b5ba
crates/better-auth-rs-telemetry/src/detectors/detect-system-info.ts	107	crates/better-auth-rs-telemetry/src/detectors/detect_system_info.rs	todo	-	9dfceee14021fc15a2fb93023f39635f25b0b5ba
crates/better-auth-rs-telemetry/src/index.ts	94	crates/better-auth-rs-telemetry/src/lib.rs	todo	-	9dfceee14021fc15a2fb93023f39635f25b0b5ba
crates/better-auth-rs-telemetry/src/node.ts	381	crates/better-auth-rs-telemetry/src/node.rs	todo	-	9dfceee14021fc15a2fb93023f39635f25b0b5ba
crates/better-auth-rs-telemetry/src/project-id.ts	27	crates/better-auth-rs-telemetry/src/project_id.rs	todo	-	9dfceee14021fc15a2fb93023f39635f25b0b5ba
crates/better-auth-rs-telemetry/src/types.ts	16	crates/better-auth-rs-telemetry/src/types.rs	todo	-	9dfceee14021fc15a2fb93023f39635f25b0b5ba
crates/better-auth-rs-telemetry/src/utils/hash.ts	9	crates/better-auth-rs-telemetry/src/utils/hash.rs	todo	-	9dfceee14021fc15a2fb93023f39635f25b0b5ba
crates/better-auth-rs-telemetry/src/utils/id.ts	5	crates/better-auth-rs-telemetry/src/utils/id.rs	todo	-	9dfceee14021fc15a2fb93023f39635f25b0b5ba
crates/better-auth-rs-telemetry/src/utils/package-json.ts	15	crates/better-auth-rs-telemetry/src/utils/package_json.rs	todo	-	9dfceee14021fc15a2fb93023f39635f25b0b5ba
crates/better-auth-rs-test-utils/src/adapter/create-test-suite.ts	917	crates/better-auth-rs-test-utils/src/adapter/create_test_suite.rs	todo	-	9dfceee14021fc15a2fb93023f39635f25b0b5ba
crates/better-auth-rs-test-utils/src/adapter/index.ts	8	crates/better-auth-rs-test-utils/src/adapter/mod.rs	todo	-	9dfceee14021fc15a2fb93023f39635f25b0b5ba
crates/better-auth-rs-test-utils/src/adapter/suites/auth-flow.ts	240	crates/better-auth-rs-test-utils/src/adapter/suites/auth_flow.rs	todo	-	9dfceee14021fc15a2fb93023f39635f25b0b5ba
crates/better-auth-rs-test-utils/src/adapter/suites/basic.ts	3455	crates/better-auth-rs-test-utils/src/adapter/suites/basic.rs	todo	-	9dfceee14021fc15a2fb93023f39635f25b0b5ba
crates/better-auth-rs-test-utils/src/adapter/suites/case-insensitive.ts	348	crates/better-auth-rs-test-utils/src/adapter/suites/case_insensitive.rs	todo	-	9dfceee14021fc15a2fb93023f39635f25b0b5ba
crates/better-auth-rs-test-utils/src/adapter/suites/index.ts	7	crates/better-auth-rs-test-utils/src/adapter/suites/mod.rs	todo	-	9dfceee14021fc15a2fb93023f39635f25b0b5ba
crates/better-auth-rs-test-utils/src/adapter/suites/joins.ts	28	crates/better-auth-rs-test-utils/src/adapter/suites/joins.rs	todo	-	9dfceee14021fc15a2fb93023f39635f25b0b5ba
crates/better-auth-rs-test-utils/src/adapter/suites/number-id.ts	42	crates/better-auth-rs-test-utils/src/adapter/suites/number_id.rs	todo	-	9dfceee14021fc15a2fb93023f39635f25b0b5ba
crates/better-auth-rs-test-utils/src/adapter/suites/transactions.ts	40	crates/better-auth-rs-test-utils/src/adapter/suites/transactions.rs	todo	-	9dfceee14021fc15a2fb93023f39635f25b0b5ba
crates/better-auth-rs-test-utils/src/adapter/suites/uuid.ts	68	crates/better-auth-rs-test-utils/src/adapter/suites/uuid.rs	todo	-	9dfceee14021fc15a2fb93023f39635f25b0b5ba
crates/better-auth-rs-test-utils/src/adapter/test-adapter.ts	384	crates/better-auth-rs-test-utils/src/adapter/test_adapter.rs	todo	-	9dfceee14021fc15a2fb93023f39635f25b0b5ba
crates/better-auth-rs-utils/src/base32.ts	163	crates/better-auth-rs-utils/src/base32.rs	done	high	b20329a32d78f1f9bcc088bbd6f982b28c4192f1
crates/better-auth-rs-utils/src/base64.ts	107	crates/better-auth-rs-utils/src/base64.rs	done	high	b20329a32d78f1f9bcc088bbd6f982b28c4192f1
crates/better-auth-rs-utils/src/binary.ts	17	crates/better-auth-rs-utils/src/binary.rs	done	high	b20329a32d78f1f9bcc088bbd6f982b28c4192f1
crates/better-auth-rs-utils/src/ecdsa.ts	115	crates/better-auth-rs-utils/src/ecdsa.rs	done	high	b20329a32d78f1f9bcc088bbd6f982b28c4192f1
crates/better-auth-rs-utils/src/hash.ts	41	crates/better-auth-rs-utils/src/hash.rs	done	high	b20329a32d78f1f9bcc088bbd6f982b28c4192f1
crates/better-auth-rs-utils/src/hex.ts	38	crates/better-auth-rs-utils/src/hex.rs	done	high	b20329a32d78f1f9bcc088bbd6f982b28c4192f1
crates/better-auth-rs-utils/src/hmac.ts	78	crates/better-auth-rs-utils/src/hmac.rs	done	high	b20329a32d78f1f9bcc088bbd6f982b28c4192f1
crates/better-auth-rs-utils/src/index.ts	6	crates/better-auth-rs-utils/src/lib.rs	done	high	b20329a32d78f1f9bcc088bbd6f982b28c4192f1
crates/better-auth-rs-utils/src/otp.ts	145	crates/better-auth-rs-utils/src/otp.rs	done	high	b20329a32d78f1f9bcc088bbd6f982b28c4192f1
crates/better-auth-rs-utils/src/password.node.ts	46	crates/better-auth-rs-utils/src/password_node.rs	done	high	b20329a32d78f1f9bcc088bbd6f982b28c4192f1
crates/better-auth-rs-utils/src/password.ts	37	crates/better-auth-rs-utils/src/password.rs	done	high	b20329a32d78f1f9bcc088bbd6f982b28c4192f1
crates/better-auth-rs-utils/src/random.ts	67	crates/better-auth-rs-utils/src/random.rs	done	high	b20329a32d78f1f9bcc088bbd6f982b28c4192f1
crates/better-auth-rs-utils/src/rsa.ts	101	crates/better-auth-rs-utils/src/rsa.rs	done	high	b20329a32d78f1f9bcc088bbd6f982b28c4192f1
crates/better-auth-rs-utils/src/type.ts	37	crates/better-auth-rs-utils/src/types.rs	done	high	b20329a32d78f1f9bcc088bbd6f982b28c4192f1
